part,length,family,pattern,y2024_freq,y2024_timing_mean,y2024_u_done
night,3,all,def_hidden_lo > def_eff_up > att_eff_up,38.84418434528164,25.9256035113387,0.0026
night,3,all,def_hidden_lo > def_eff_up > att_eff_lo,33.94294074615947,20.77768836869057,0.4392
night,3,all,def_hidden_lo > def_eff_up > att_eff_peak,33.72348207754206,18.15515727871251,-0.25
night,3,all,def_hidden_lo > def_eff_up > att_eff_down,32.918800292611564,22.735040234089247,0.027
night,3,all,def_hidden_lo > att_eff_peak > def_eff_hi,28.090709583028527,14.540746159473295,0.3007999999999999
night,3,all,def_hidden_lo > att_eff_peak > def_eff_down,27.212874908558888,16.949597659107535,-0.00545
night,3,all,def_eff_up > att_eff_peak > cross_large,26.55449890270666,15.629041697147036,0.2242
night,3,all,att_large_up > delta_down > def_large_down,26.115581565471835,14.72114118507681,-0.0923
night,3,all,def_eff_up > def_refill_up > att_eff_up,25.749817117776157,17.627651792245793,0.04085
night,3,all,def_hidden_lo > att_eff_up > def_eff_down,25.60351133869788,17.233357717629847,0.0
night,3,flow,att_large_up > def_cancel_down > def_refill_up,22.677395757132405,14.032918800292611,-0.03505
night,3,flow,att_large_up > def_cancel_down > att_cancel_up,21.72640819312363,12.635113386978784,-0.1206
night,3,flow,def_cancel_down > def_refill_up > cross_large,21.72640819312363,14.994367227505489,0.1498
night,3,flow,att_large_up > def_refill_up > def_large_down,21.65325530358449,15.091148500365763,0.0436499999999999
night,3,flow,att_large_up > att_refill_down > def_large_down,21.43379663496708,14.42216532553036,-0.0268
night,3,flow,def_cancel_down > att_cancel_up > cross_large,20.848573518653986,13.74323335771763,0.1551
night,3,flow,att_large_up > att_cancel_up > def_large_down,20.775420629114848,13.771836137527432,0.0477
night,3,flow,att_large_down > def_refill_up > def_large_down,20.702267739575717,14.68566203365033,0.0323
night,3,flow,att_large_up > def_cancel_down > def_large_down,20.336503291880028,14.356547183613753,-0.00375
night,3,flow,att_large_up > att_cancel_up > def_refill_up,19.970738844184343,13.201097293343086,0.0072
night,4,all,def_hidden_lo > def_eff_up > att_eff_peak > delta_lo,14.63057790782736,5.735991221653255,0.33185
night,4,all,def_hidden_lo > def_eff_up > att_eff_peak > att_cancel_hi,14.484272128749083,6.3381126554498906,0.45035
night,4,all,def_hidden_lo > def_eff_up > att_eff_peak > att_refill_lo,14.1185076810534,5.587783467446965,0.3933
night,4,all,def_hidden_lo > def_eff_up > att_eff_peak > cross_large,14.045354791514264,6.107315288953914,0.2414
night,4,all,def_hidden_lo > def_eff_up > att_eff_peak > def_large_down,13.533284564740308,5.085954645208486,0.1794
night,4,all,def_hidden_lo > def_eff_up > att_eff_down > att_cancel_hi,13.313825896122896,6.8446964155084125,0.49105
night,4,all,def_hidden_lo > def_eff_up > att_eff_peak > def_refill_hi,11.85076810534016,4.264667154352598,0.2873
night,4,all,def_hidden_lo > def_eff_up > att_eff_down > delta_lo,11.704462326261886,6.154059985369423,0.36575
night,4,all,def_hidden_lo > def_eff_up > att_eff_down > att_refill_lo,11.704462326261886,5.99912216532553,0.4344
night,4,all,def_hidden_lo > def_eff_up > att_eff_down > cross_large,11.265544989027068,6.30497439648866,0.27715
night,4,flow,att_large_up > def_cancel_down > att_cancel_up > def_large_down,8.851499634235552,3.486100950987564,0.0618
night,4,flow,att_large_up > def_cancel_down > def_refill_up > def_large_down,8.705193855157278,3.8706656912948074,0.0484
night,4,flow,att_large_up > def_cancel_down > att_cancel_up > att_refill_lo,8.485735186539868,3.923189465983907,0.3869
night,4,flow,def_cancel_down > att_cancel_up > def_refill_up > cross_large,8.19312362838332,3.751792245793709,0.13155
night,4,flow,att_large_up > att_cancel_up > def_refill_up > def_large_down,7.827359180687638,3.563057790782736,0.0714
night,4,flow,att_large_up > def_cancel_down > att_cancel_up > def_refill_up,7.754206291148501,3.1689100219458672,0.01525
night,4,flow,att_large_up > def_cancel_down > def_refill_up > att_cancel_down,7.681053401609364,3.32970007315289,0.0026
night,4,flow,att_large_up > def_cancel_down > def_refill_up > volume_down,7.315288953913679,2.4508412582297003,0.0304499999999999
night,4,flow,def_cancel_down > def_refill_up > att_large_peak > volume_down,7.2421360643745425,2.054791514264813,-0.1124
night,4,flow,att_large_up > def_cancel_down > att_cancel_up > volume_down,7.168983174835406,2.2147037307973667,0.02175
rth,3,all,delta_up > att_cancel_up > att_eff_down,28.627450980392155,16.760261437908497,0.0149
rth,3,all,att_cancel_up > att_large_peak > volume_peak,28.49673202614379,11.73281045751634,-0.3619
rth,3,all,def_cancel_down > att_large_peak > volume_peak,28.366013071895424,11.921176470588236,-0.2618
rth,3,all,delta_up > att_large_peak > volume_peak,27.450980392156865,12.312549019607845,-0.2241
rth,3,all,att_cancel_down > def_cancel_down > att_eff_down,26.666666666666668,16.554771241830064,0.01775
rth,3,all,def_refill_down > att_cancel_up > att_eff_down,26.535947712418302,15.357908496732026,0.0132
rth,3,all,delta_up > att_cancel_up > att_large_peak,26.405228758169937,13.030849673202615,-0.4605
rth,3,all,def_refill_up > att_large_peak > volume_peak,26.405228758169937,12.074117647058824,-0.3122
rth,3,all,att_cancel_down > att_large_peak > volume_peak,26.405228758169937,11.574901960784317,-0.26995
rth,3,all,delta_up > att_cancel_up > volume_peak,26.405228758169937,11.40156862745098,-0.1916999999999999
rth,3,flow,att_cancel_down > att_refill_down > def_large_down,25.620915032679736,15.392549019607843,-0.2460999999999999
rth,3,flow,att_refill_down > att_large_peak > volume_peak,25.49019607843137,11.83516339869281,-0.1515
rth,3,flow,att_cancel_down > def_cancel_down > att_large_peak,25.22875816993464,12.930980392156863,-0.3701
rth,3,flow,att_cancel_down > def_cancel_down > def_large_down,24.836601307189543,15.27751633986928,-0.24475
rth,3,flow,att_cancel_down > def_refill_up > volume_peak,24.705882352941178,11.157777777777778,-0.2459
rth,3,flow,def_refill_down > att_cancel_up > att_large_peak,24.57516339869281,11.926143790849672,-0.45435
rth,4,all,delta_up > att_cancel_up > att_large_peak > volume_peak,15.947712418300652,3.123006535947712,-0.3853999999999999
rth,4,all,att_cancel_down > def_cancel_down > att_large_peak > volume_peak,14.50980392156863,3.143006535947712,-0.3089
rth,4,all,def_refill_down > att_cancel_up > att_large_peak > volume_peak,13.725490196078432,2.868627450980392,-0.2772
rth,4,all,att_cancel_down > def_refill_up > att_large_peak > volume_peak,13.4640522875817,3.1275816993464054,-0.3943
rth,4,all,delta_up > def_cancel_down > att_large_peak > volume_peak,13.4640522875817,3.345098039215686,-0.2789
rth,4,all,delta_up > def_refill_up > att_large_peak > volume_peak,13.333333333333334,3.2879738562091503,-0.31625
rth,4,all,delta_up > att_cancel_up > att_large_peak > volume_down,13.071895424836605,3.071895424836601,-0.20405
rth,4,all,att_cancel_down > def_cancel_down > att_large_peak > volume_down,12.418300653594772,3.125751633986928,-0.2121
rth,4,all,def_cancel_down > att_cancel_up > att_large_peak > volume_peak,12.287581699346404,3.03281045751634,-0.3244
rth,4,all,def_cancel_down > def_refill_up > att_large_peak > volume_peak,12.287581699346404,3.1783006535947718,-0.25715
rth,4,flow,att_cancel_down > att_refill_down > att_large_peak > volume_peak,12.026143790849671,3.143660130718954,-0.255
rth,4,flow,def_cancel_down > att_cancel_up > att_large_peak > volume_down,11.241830065359478,3.0026143790849678,-0.17195
rth,4,flow,att_cancel_down > def_refill_up > att_large_peak > volume_down,11.11111111111111,3.089934640522876,-0.2481
rth,4,flow,def_refill_down > att_cancel_up > att_large_peak > volume_down,11.11111111111111,2.851503267973856,-0.2348
