,,,median,median,median,median,median,median,median,median,median,median,median,median,q25,q25,q25,q25,q25,q25,q25,q25,q25,q25,q25,q25,q75,q75,q75,q75,q75,q75,q75,q75,q75,q75,q75,q75
,,,delta,def_cancel,att_cancel,def_refill,att_refill,def_hidden,att_eff,def_eff,att_large,def_large,balance,volume,delta,def_cancel,att_cancel,def_refill,att_refill,def_hidden,att_eff,def_eff,att_large,def_large,balance,volume,delta,def_cancel,att_cancel,def_refill,att_refill,def_hidden,att_eff,def_eff,att_large,def_large,balance,volume
part,type,bin,,,,,,,,,,,,,,,,,,,,,,,,,,,,,,,,,,,,
night,high,-1.0,0.17672188376194217,0.4954607374144193,0.4073598025730571,0.27367722367998637,0.4619050694819997,0.0,0.27772347341127424,-0.1876234604308029,0.0,0.0,0.0439846270235506,0.9746376811594204,-0.010078321390874709,0.4612092272385264,0.37423024841009145,0.17273061633918974,0.3228537207903365,0.0,0.08677710546467535,-0.43155617005376906,0.0,0.0,0.0007864118986599835,0.4384057971014493,0.35870023054984695,0.5346372634731025,0.4428479172499413,0.4022879030116847,0.6120419665884086,0.0,0.5046998597279071,-0.014672653384273942,0.22102324835580892,0.0,0.0832608029945726,2.0652173913043477
night,high,-0.95,0.18789633118916904,0.49610768730352717,0.4147477949098245,0.26771860893084753,0.47693372546538904,0.0,0.272230713661345,-0.2579042202574012,0.0,0.0,0.04504475918615285,1.1527777777777777,-0.006966590746105941,0.45425987619083724,0.3772767221243419,0.16719243199236863,0.3302366019967567,0.0,0.0675688166090137,-0.5202262980515758,0.0,0.0,-0.0016765209584899215,0.5388198757763976,0.37494016827074655,0.5330156268670673,0.4479488421581891,0.40609275476632134,0.6331989822749288,0.0,0.5176301737690927,-0.011885529042488864,0.23187851639483908,0.0,0.08190906703881172,2.37123745819398
night,high,-0.9,0.15433216577718806,0.484273735354297,0.422117577744166,0.2673609409458466,0.47334444993412383,0.0,0.22454145379296786,-0.18810682336531243,0.0,0.0,0.044900852662922264,1.204383464005702,-0.017920180900656384,0.44434965685377215,0.38052437113822574,0.16701651436228193,0.31718691705011814,0.0,0.029230567383930844,-0.46954430048777296,0.0,0.0,-0.0006245126035265512,0.5570652173913043,0.3441855450842845,0.5241698626461969,0.4554950891295824,0.40625,0.6289421444429932,0.0,0.5106690429569501,0.006497866225410759,0.21492716568520087,0.0,0.08390946311327865,2.396135265700483
night,high,-0.85,0.15412186379928314,0.4789876011562005,0.4254588345874333,0.27670671243325706,0.47095547176435876,0.0,0.21231311858263757,-0.15472155225763579,0.0,0.0,0.04218856226297538,1.1906832298136645,-0.03427762602120539,0.43950151631461987,0.3880943490835602,0.16896593169986215,0.33408603025136646,0.0,0.016974845802658005,-0.4518438042513601,0.0,0.0,-0.0007419360993857157,0.5608695652173913,0.33898910973748636,0.5190781478333824,0.45867295162714505,0.4039492637839096,0.6322695759337087,0.0,0.46324265913304163,0.04275643129875415,0.23435989269094692,0.0,0.0827583119940749,2.4130434782608696
night,high,-0.8,0.1360667418357786,0.4779526246291147,0.43185120874102423,0.28809578584085427,0.46667985611846535,0.0,0.18725242204666706,-0.13453003770555597,0.0,0.0,0.04054049108955074,1.213768115942029,-0.04100307135785661,0.4415959191152525,0.39202504547700834,0.1727349048574069,0.3323941560977165,0.0,0.0,-0.4327709314114959,0.0,0.0,-0.0002471467837389625,0.572463768115942,0.3276918618782946,0.5134540184074838,0.4622330534226666,0.4309285584698321,0.623199844773618,0.0,0.4309300702636213,0.06335029315425007,0.23388982015369236,0.0,0.08435383788430911,2.4985507246376812
night,high,-0.75,0.13027756375945643,0.47038482050618313,0.4351238962627486,0.2968736569172411,0.4775613275613276,0.0,0.1438334154869655,-0.07673134617739186,0.0,0.0,0.040609633841733564,1.2228260869565217,-0.07117672171005283,0.4331290912481347,0.3973373124628265,0.18258940016005473,0.3267685669485997,0.0,-0.03829516257595536,-0.4118936312262933,0.0,0.0,-0.0006801170988626297,0.5427536231884058,0.3391265190817647,0.5094236005116942,0.47226505665700436,0.4539727937721603,0.6334944050083802,0.0,0.4223163832909006,0.10763809055236465,0.25794969350527974,0.0,0.08309192152969563,2.5833333333333335
night,high,-0.7,0.11150443226509495,0.4705655698852668,0.43869375776794,0.31080706004963987,0.4636243386243386,0.0,0.10376354000378021,-0.046911090602587815,0.0,0.0,0.040272075899121657,1.1630434782608696,-0.07055793017746005,0.43376928992277247,0.39833451197789294,0.1963775874283098,0.3101145855991831,0.0,-0.032654694461795086,-0.3670218988711964,0.0,0.0,-0.0007519603846085134,0.5407608695652174,0.32156799824156496,0.5054706718470905,0.474959231820812,0.4497303356776202,0.6265920535046343,0.0,0.38600605680080274,0.12309601490040797,0.21580939164089058,0.0,0.08420916993582997,2.590062111801242
night,high,-0.65,0.09980898787639192,0.4713047188152343,0.44028634350911244,0.3013753664286174,0.4511016132949203,0.0,0.1454722954485465,-0.06549865517169248,0.0,0.0,0.0396140544976565,1.205486542443064,-0.07130148567513041,0.43293878776051986,0.3952421727914294,0.1896841606378552,0.3169817752730852,0.0,-0.03600813724552282,-0.3661986410102923,0.0,0.0,-0.00011550102747448542,0.5492753623188407,0.31782814770383944,0.5080779560050029,0.47159921356014667,0.4583573646575767,0.630861801242236,0.0,0.41582206883765294,0.12556247955374075,0.13444706818338267,0.0,0.08317068834140419,2.4413043478260867
night,high,-0.6,0.0974833504691509,0.47302329674661875,0.4366040986338368,0.306103469758173,0.4603638632872504,0.0,0.12908208508915425,-0.06080146064647079,0.0,0.0,0.04104376520039492,1.154211956521739,-0.10106558311127256,0.4340137291978762,0.3993887191244131,0.1851258003210431,0.30961369835742486,0.0,-0.0410521435943471,-0.3576555799104584,0.0,0.0,-0.0002671347589011056,0.5527950310559006,0.3370788156043087,0.510359639281992,0.473187223596778,0.47129617009676983,0.6421740805085006,0.0,0.3970446859625587,0.11768347983057574,0.10850752471198977,0.0,0.08176216575075214,2.3391304347826085
night,high,-0.55,0.08875991618747262,0.4682625587855847,0.4393934723012117,0.3189668273708963,0.4465096889819222,0.0,0.09977989670559419,-0.03288814716051342,0.0,0.0,0.038545257048638024,1.0923913043478262,-0.09981899440084192,0.43586066890508185,0.39917742949641,0.18390874086438241,0.3075885465538278,0.0,-0.060902513150513336,-0.33577973116816473,0.0,0.0,0.001507557089680276,0.5198209718670077,0.32350842801181107,0.5046480870115738,0.47513958952405483,0.45615378586204014,0.617311411992263,0.0,0.3622957655738538,0.16942984619560375,0.11774848704914065,0.0,0.08185670868543038,2.255434782608696
night,high,-0.5,0.0869770245352328,0.4671606862110682,0.443278726333938,0.32638656242955966,0.44428200712102583,0.0,0.09080210718146732,-0.02311883851057025,0.0,0.0,0.03850478761738933,1.065004262574595,-0.11599030131985064,0.43314373590918204,0.4046207748728102,0.1942099567099567,0.3070764796000645,0.0,-0.07449518667812785,-0.329750315116265,0.0,0.0,0.0005977343697747194,0.5193236714975845,0.30416406933533113,0.5021064154789816,0.47700034837403876,0.48484848484848486,0.6203238733855256,0.0,0.34612165329028977,0.14842867646992958,0.09410430839002268,0.0,0.07929683840210931,2.3322981366459627
night,high,-0.45,0.09035352480044004,0.4679399677226129,0.44255076825065964,0.3248255442527888,0.44417725710974043,0.0,0.09947265133449784,-0.030559795613576524,0.0,0.0,0.040838331799088905,1.1141304347826086,-0.1027608136624754,0.4320184118757399,0.40398500399175497,0.20011976939316842,0.2987012987012987,0.0,-0.04794046050638599,-0.3559994686714141,0.0,0.0,7.138217851844044e-05,0.5434782608695652,0.29404796231955654,0.5027916095815614,0.4763660923212891,0.48717948717948717,0.6271211165390209,0.0,0.3760098862976996,0.14566485118694744,0.052596976840860364,0.0,0.08203642649576783,2.346014492753623
night,high,-0.4,0.07848220547267654,0.46678892928446913,0.4445224321766136,0.3307551783363971,0.4396508605902752,0.0,0.10514918489481388,-0.03673574663225722,0.0,0.0,0.03918254999587952,1.0434782608695652,-0.10735169353510492,0.43920314576478486,0.40673988781596926,0.2038665043336063,0.28628182974584726,0.0,-0.0454458050290009,-0.3498775569541539,0.0,0.0,0.0014594457502705338,0.4891304347826087,0.2854883451243005,0.49838879424675264,0.47531475354239167,0.4840796615118718,0.6222856846578113,0.0,0.3655687198649396,0.11100313443436106,0.03968253968253969,0.0,0.08122616497330028,2.220496894409938
night,high,-0.35,0.07667448948728563,0.46797509787259406,0.4422369312588995,0.32786092918266896,0.4494218220003283,0.0,0.10815153835306841,-0.06544537429041064,0.0,0.0,0.039390404309291076,1.0717391304347825,-0.0900727735982304,0.4384515260612817,0.40418892162551845,0.19608129059633028,0.2939017136981809,0.0,-0.054019289964935324,-0.34866506587582974,0.0,0.0,0.00035516686968018477,0.48007246376811596,0.2924166553222346,0.5027109193034761,0.47556174154835085,0.47927145265203464,0.6218040664541679,0.0,0.39350541543724593,0.10879880227448657,0.0943062207276809,0.0,0.08259199117229098,2.360098176718093
night,high,-0.3,0.09038409592442434,0.46677130125440264,0.4415607039785117,0.3333333333333333,0.4503872512718238,0.0,0.10981790612023612,-0.0699902850850399,0.0,0.0,0.041152669062315746,1.0951086956521738,-0.10038819875776397,0.4361665462191472,0.4011583979550968,0.20414907405509447,0.2944366458304046,0.0,-0.040348709947875205,-0.3665133469768075,0.0,0.0,-0.0008979369092904335,0.5085269865067467,0.2779825943154241,0.5007041250699822,0.47496646632314327,0.47546776468379903,0.6164185277088503,0.0,0.3945837107339313,0.11009142681803313,0.07651788785689714,0.0,0.08275151181400044,2.3342391304347827
night,high,-0.25,0.10020483307270202,0.47006472695061036,0.43681682152889645,0.32595034022966557,0.45949134967688754,0.0,0.13789748975814883,-0.08266838310787214,0.0,0.0,0.03951255139148994,1.0681818181818181,-0.08383808459899728,0.4369406788248163,0.3978418798213466,0.20124584933572584,0.3020704387132004,0.0,-0.026723865772379143,-0.3760297645287298,0.0,0.0,6.725038810177922e-05,0.48550724637681164,0.2966456701547273,0.5084152586417778,0.47392036446124275,0.4644190513577896,0.6377888190585587,0.0,0.393552884053182,0.10008037617922619,0.013157118792039412,0.0,0.08252506770039768,2.267391304347826
night,high,-0.2,0.11133304023618926,0.47375217040207473,0.43527360532181114,0.3271810947282365,0.46875,0.0,0.16793484174746157,-0.1249879686209016,0.0,0.0,0.040674013486874744,1.0842391304347827,-0.07930597551387017,0.441701266158529,0.39775381074349925,0.2056815772736909,0.328529000698812,0.0,0.0,-0.41713740876152006,0.0,0.0,0.0010974262481821245,0.5030657748049052,0.30709523851563253,0.5094680413474831,0.46648100084849387,0.4697259642237321,0.6584226047994164,0.0,0.4000227021847362,0.048267007083666984,0.06339100282425304,0.0,0.08221585452395248,2.278532608695652
night,high,-0.15,0.10997875596314846,0.4755375999101041,0.43435396533675147,0.3237018635618455,0.48,0.0,0.17331606238046657,-0.11396200973698792,0.0,0.0,0.039542078350926047,1.0803140096618358,-0.045020084203637414,0.4391660005357316,0.40094804457835986,0.2034214480638859,0.33308126138677524,0.0,0.0,-0.4392612743210421,0.0,0.0,0.0021102545292009016,0.5115942028985507,0.32177746034888893,0.5078632972415134,0.46212626504899273,0.4721461356451523,0.6536592686759539,0.0,0.41103382475173267,0.0376959656658071,0.07828883128651973,0.0,0.08279607605546473,2.325310559006211
night,high,-0.1,0.1482651447303867,0.481841909607461,0.4267921866363974,0.31189163185406776,0.4867767673939047,0.0,0.22162969800290214,-0.16741333416761972,0.0,0.0,0.040591578179585586,1.1298627002288328,-0.0026743081914013707,0.4525898332235116,0.3929487456681616,0.1900703463203463,0.3329621521253335,0.0,0.03586015298229221,-0.49659511679548185,0.0,0.0,0.0036621387152817836,0.5263975155279503,0.3321674945458799,0.5102275546999399,0.45738337225650555,0.45284242062603636,0.66816056768418,0.0,0.45610699337365157,0.0,0.12093420157079803,0.0,0.08393097273980292,2.498283752860412
night,high,-0.05,0.21797147165931235,0.49677377600489186,0.40617239102630986,0.2843736263736264,0.5113412330196492,0.0,0.3144032453669771,-0.3435348120032896,0.0,0.0,0.041724162930016614,1.2296633941093968,0.06790142295809057,0.4665218124654623,0.3699411451691646,0.17071696088464383,0.35590887028420615,0.0,0.1336606907259721,-0.7086619477465375,0.0,0.0,0.001816888233549785,0.6032608695652174,0.39871914647828655,0.5266633229534778,0.43734445147088385,0.41974928106282344,0.689088309682432,0.0,0.5672962708831888,-0.09631397623351574,0.23824217554213334,0.0,0.08572425755234772,2.616368286445013
night,high,0.0,0.15013021284991157,0.45127627900859707,0.43872037415974297,0.27908029528125294,0.4776270731080239,0.0,0.06626696295216197,-0.09079795180001794,0.0,0.0,0.03481985956730552,1.9239130434782608,-0.04688299607497573,0.4115855998198689,0.40031006160379157,0.1695075865749371,0.3313183810694431,0.0,-0.0961362923885766,-0.469785381758746,0.0,0.0,-0.008332521198933292,1.0811335403726707,0.3677617776499169,0.49230899133461675,0.47316869368059467,0.4053523962254543,0.6487227325375583,0.0,0.33279184844666293,0.08615274519895137,0.4182160398318845,0.0705086611614916,0.07471494719595201,3.886070853462158
night,high,0.05,-0.006681130176271326,0.43130293246032403,0.4711362086503077,0.3684410851875236,0.4064146771788968,0.0,-0.06044231211789661,0.11683207352264291,0.0,0.0,0.03223410585012934,1.5295429208472686,-0.1902114920690796,0.3983706747000654,0.43611833709006476,0.2320114603666426,0.27688419718444646,0.0,-0.3082178455811271,-0.05170528572166786,0.0,0.0,-0.008880701912029146,0.7262479871175523,0.1921971018217079,0.4637932218040687,0.5038192354983169,0.4998322671422538,0.583239922388179,0.0,0.0880594706857638,0.36128075285589323,0.1832291597444154,0.0,0.07203887820185688,3.109601449275362
night,high,0.1,-0.05049929727997219,0.43490001435810044,0.47666435896674386,0.41164468657746744,0.3853584879896608,0.0,-0.11281770773515959,0.16784501147122538,0.0,0.0,0.029122747944097353,1.2619047619047619,-0.20530410860494952,0.4005064354987972,0.44195989176002093,0.26823558865666525,0.250100731112307,0.0,-0.37509312696761804,-0.0157365389584801,0.0,0.0,-0.00919683756157596,0.5966183574879227,0.13146704702999298,0.46262105060656866,0.5140891072192678,0.5571852799573281,0.564632161948373,0.0,0.06244557008553532,0.41689795575853006,0.024613135620598307,0.0,0.06997282810486247,2.467391304347826
night,high,0.15,-0.08170959908869231,0.43563552171759135,0.48081101412108285,0.4147299220427523,0.3684777167352193,0.0,-0.1292725842392797,0.14733522618012052,0.0,0.0,0.02783406794746425,1.0842391304347825,-0.2618929641313924,0.40358063673672706,0.44718598396581954,0.28107697386462216,0.23296299416274618,0.0,-0.44502634237830985,-0.0007646363074727339,0.0,0.0,-0.008385758567160317,0.5332480818414322,0.10017287413042919,0.4657490413323697,0.5122206181095018,0.560476605858333,0.5222117385871536,0.0,0.0513655255645241,0.43892133911349535,0.0,0.0,0.06832923377466932,2.214673913043478
night,high,0.2,-0.06181470032076711,0.4425852122122522,0.47795757485415247,0.4270276124370802,0.35912205001779735,0.0,-0.10616392838259639,0.14437424035151164,0.0,0.0,0.030535475842471307,0.9571256038647343,-0.2446021050445833,0.4091988290721661,0.4482687983375959,0.2779341787119178,0.2341804806577223,0.0,-0.44502960653257906,-0.02371493920658358,0.0,0.0,-0.008311432578113558,0.4852102637205987,0.10418557324753183,0.4674752537949163,0.5105427648048615,0.5661052745062093,0.5106581227238894,0.0,0.06597525658594289,0.42217853557867746,0.0,0.0,0.06677681413656945,2.051086956521739
night,high,0.25,-0.041529608117707034,0.4454554270501161,0.4775438010722379,0.4215377880043076,0.3637333651154832,0.0,-0.07183378435116873,0.144084171281934,0.0,0.0,0.030314030639237266,0.8903162055335968,-0.22533839575306464,0.40617866481015164,0.44305578641864707,0.2861898651729448,0.2309867310530089,0.0,-0.43725290131891326,-0.05314288506661334,0.0,0.0,-0.00823553301348814,0.43429591174561977,0.12757720760297667,0.47436417818556464,0.51178336927061,0.5724979319091517,0.5107873821640834,0.0,0.1203493024474753,0.40872189783755863,0.0,0.0,0.06820206358884316,1.8552989130434783
night,high,0.3,-0.048993910808682095,0.44148812049965835,0.47603079900400536,0.40429817181982297,0.35698265836642823,0.0,-0.0799577329419747,0.14934079350729867,0.0,0.0,0.029743616791388136,0.8538043478260869,-0.21570323298055807,0.4115609955170158,0.44629044391158235,0.28079784214065096,0.23438416008277121,0.0,-0.43776218163058694,-0.01933986753301161,0.0,0.0,-0.0072018868867599105,0.4211956521739131,0.11725243725787969,0.47276461483032833,0.5098555581516324,0.576203918743524,0.5053063211766949,0.0,0.10928412452098242,0.4317102786741064,0.0,0.0,0.06773372793968722,1.8808528428093645
night,high,0.35,-0.04515959075227633,0.4435925023801442,0.47565137553716846,0.4237034113100069,0.3614699361647952,0.0,-0.06043810431126358,0.1452616246657194,0.0,0.0,0.028270942318330355,0.8478260869565216,-0.2330979725303418,0.4100825382123007,0.4455393163836373,0.26924356937282584,0.23305497406198844,0.0,-0.4453489939932417,-0.013789471228271817,0.0,0.0,-0.007820806101838801,0.38849929873772787,0.10747018725324622,0.47529304710250564,0.50918205158475,0.574656460874589,0.5088630621156687,0.0,0.10880388544785045,0.4106008598034997,0.0,0.0,0.06656811245258412,1.9120553359683792
night,high,0.4,-0.06830744182815984,0.44378525448837325,0.4758569676760358,0.4215224783984015,0.35446672020374914,0.0,-0.0641226430320555,0.12198453019779035,0.0,0.0,0.028435658574145508,0.8934394409937888,-0.23136749861872583,0.41198790160108856,0.4456930314725957,0.2929767322501897,0.23454290924386617,0.0,-0.39076685633395236,-0.025213297934717313,0.0,0.0,-0.007626077948782262,0.4082125603864734,0.09882859705281875,0.47187078432107377,0.5098775497785315,0.5642557819978442,0.4911090484977292,0.0,0.11405790022341555,0.4172853839015644,0.0,0.0,0.06880633458260343,1.8233695652173914
night,high,0.45,-0.0840804835600881,0.4428674588434497,0.47807822564382535,0.4286761729628898,0.3444685808318191,0.0,-0.08295922921612364,0.1417164656774038,0.0,0.0,0.025823447762735086,0.9031620553359684,-0.24951803142735865,0.4060272932403027,0.4440530478624618,0.3059532220109369,0.22380209777737428,0.0,-0.4551492166277473,-0.04079155928828421,0.0,0.0,-0.007790939128602028,0.4319221967963387,0.09898630217874033,0.4737077275583023,0.5112819801893342,0.5773008766473253,0.5058205849197827,0.0,0.10235366865981976,0.4318824119515573,0.0,0.0,0.06791800113570773,1.7641304347826086
night,high,0.5,-0.09291403640328363,0.4428125883320715,0.4795649292367152,0.4336727344750325,0.3486418482245025,0.0,-0.10631523964321234,0.1531413617414844,0.0,0.0,0.028261579640098792,0.8520531400966184,-0.2520581825288631,0.40951591546987326,0.4451827283920734,0.30006403188591557,0.2278067864002642,0.0,-0.4681950057058531,-0.029891655533547768,0.0,0.0,-0.008232290923225999,0.411231884057971,0.09188618344849267,0.4753970455026806,0.5099783707684362,0.5715125060237789,0.4986192688965121,0.0,0.09854867744956626,0.4545852736700436,0.0,0.0,0.0650656380494479,1.7927018633540375
night,high,0.55,-0.07145997258889931,0.4454046701479126,0.47438302233815144,0.42890693751377207,0.3624774634435951,0.0,-0.08413830278631224,0.1361295916431368,0.0,0.0,0.027417756766156112,0.8458498023715415,-0.2564780631634722,0.4091725766345379,0.4468201836376323,0.2937448790152775,0.24641891456340137,0.0,-0.45164140930687136,-0.04328441675192089,0.0,0.0,-0.008733073045539018,0.39855072463768115,0.08791922334628824,0.4789556695284834,0.5101224669048285,0.5873878416669415,0.49325620611468785,0.0,0.1273850376871901,0.4375655621844718,0.0,0.0,0.06583452370001762,1.8705533596837944
night,high,0.6,-0.07071004320877325,0.44348870923741435,0.478385112490436,0.44066399405948053,0.3474620281933265,0.0,-0.10698329263983765,0.14728476825732034,0.0,0.0,0.027152186140101505,0.8633540372670808,-0.2619853811823102,0.4091343218803529,0.44548630371656717,0.3099484071093104,0.2306496649867481,0.0,-0.4450799142248165,-0.031306552787148945,0.0,0.0,-0.007974515012103355,0.4166666666666667,0.07847647324671068,0.4733683472173741,0.5110666871365767,0.5784504628522337,0.4798267685615524,0.0,0.0944662769264997,0.44290707495216225,0.0,0.0,0.06472358833255405,1.9208937198067635
night,high,0.65,-0.09136954167729723,0.4409373249401498,0.48303974204397426,0.44687825899590605,0.3439751467562978,0.0,-0.1446262741203104,0.17615952715432304,0.0,0.0,0.02789820259640565,0.8436700767263428,-0.26581592759049677,0.40504010302204024,0.4523601977852918,0.3192007893314213,0.2235294117647059,0.0,-0.5083529050281755,-0.011122844019793805,0.0,0.0,-0.00899944057714672,0.4178959627329193,0.0685173135626526,0.47247212678745204,0.5176913238412628,0.5809528637239604,0.47870897951656854,0.0,0.07258061741654812,0.4533816392321862,0.0,0.0,0.06331517208797524,1.8710144927536232
night,high,0.7,-0.08605819524811453,0.4402140276629308,0.48320353549251294,0.4554802843442106,0.34154470273111076,0.0,-0.11350263397683415,0.19388056153733596,0.0,0.0,0.026079576134410684,0.9046442687747035,-0.2768057700269014,0.40486558158623137,0.4513084611616403,0.31494399875983414,0.22658928280352028,0.0,-0.5001544116497086,0.0,0.0,0.0,-0.011473459130220975,0.4409937888198758,0.06620740619854923,0.4711344033317869,0.5185567728161583,0.5986937590711175,0.47661828826976843,0.0,0.07206602448136643,0.4533816392321863,0.0,0.0,0.06199133003640523,1.9057971014492752
night,high,0.75,-0.10135453058116665,0.4390132232427713,0.48503335713322504,0.45959918731878063,0.33191375623663577,0.0,-0.1451552655797508,0.21619807344409928,0.0,0.0,0.02803882087094211,0.9244565217391305,-0.28326139806827044,0.4024943157579585,0.4540142232932989,0.3140833190459523,0.215991673931768,0.0,-0.562229237609222,0.0,0.0,0.0,-0.008880846030183274,0.4146813579511614,0.07181356152754126,0.4675864109041141,0.5199519262284301,0.6006900992623991,0.4726786807803342,0.0,0.035514167750674314,0.48201016839401284,0.0,0.0,0.061415465417983144,1.8759057971014492
night,high,0.8,-0.09720637394151738,0.43332130569193755,0.4917869228099549,0.47408493413535424,0.33728401182174994,0.0,-0.1959874551931946,0.2596450829831508,0.0,0.0,0.026091769805493912,0.9173340961098398,-0.293242743623961,0.39891866780910545,0.4545087612944156,0.31518243661100803,0.2222222222222222,0.0,-0.6124427240468038,0.03909620258613124,0.0,0.0,-0.008473477266633191,0.4268394648829431,0.06602972006437861,0.4630379555652171,0.5231133231991429,0.6226415094339622,0.4685821057869871,0.0,0.029055912436106297,0.5647107210456416,0.0,0.0,0.06188379822394439,1.9225955204216074
night,high,0.85,-0.11305470135095846,0.4283289245972197,0.4926585190403401,0.48278061224489793,0.32075471698113206,0.0,-0.2260655232699209,0.2506333461781471,0.0,0.0,0.025852460679522658,0.9559782608695653,-0.29480034960017737,0.39655264162049,0.4577328652039718,0.3281317628619704,0.2052268264280309,0.0,-0.6785658397814238,0.02879514760936504,0.0,0.0,-0.008634039700661865,0.48494983277591974,0.056799110027166755,0.4583917280178116,0.5274789863024749,0.6247961295535875,0.44931270378937305,0.0,0.0,0.555826171612568,0.0,0.05163741006345503,0.06110081938278843,2.0804347826086955
night,high,0.9,-0.13598973421535612,0.430366451065471,0.492570279163126,0.4767103936153557,0.29987468953933527,0.0,-0.23249764486354332,0.24481776147639125,0.0,0.0,0.025839060309276983,0.9834368530020703,-0.3299029865659205,0.3973106381126528,0.4573900107391713,0.3292565050263776,0.20153270064511253,0.0,-0.6899075139668096,0.020920324525845416,0.0,0.0,-0.009182294584423609,0.48327759197324416,0.050580389846764995,0.46057964108209976,0.5254712530102615,0.6329684500520215,0.4245821820618429,0.0,0.00724630779602928,0.5467297821627909,0.0,0.026181089982457866,0.06037095444512909,2.1583850931677016
night,high,0.95,-0.10723346188366573,0.437420029143954,0.48300029707493347,0.4743536002588512,0.3178345057598658,0.0,-0.1452100367434833,0.18040745148156875,0.0,0.0,0.026112472937866192,0.9782608695652174,-0.2866659960746979,0.40423677575568373,0.44924303824524103,0.31661857657716874,0.2092301095971301,0.0,-0.6136756976722832,0.0,0.0,0.0,-0.008521823620007854,0.41545893719806765,0.07203265352169429,0.46856406551896473,0.5163432376143171,0.6284471509351892,0.4435637076933145,0.0,0.047747287148914234,0.4683807695612795,0.0,0.022347935949237306,0.0615451657243267,2.027173913043478
night,low,-1.0,0.19003014319295664,0.4956408740655895,0.41470542789493053,0.26596800861275804,0.45486931419427756,0.0,0.2676040660189596,-0.1948411771376726,0.0,0.0,0.021089636484460276,1.2734441602728048,-0.004700588373205557,0.46237799436278965,0.37559438607120454,0.17726197516262565,0.30038246995884993,0.0,0.0679247490884331,-0.4384470073764447,0.0,0.0,-0.016690398936474164,0.5487665533809915,0.33553732957374977,0.5369197052588315,0.45045732547359973,0.37892097780909284,0.6167435697989667,0.0,0.4930202345762354,0.0,0.22085407536624646,0.0,0.05884404877306219,2.6635529891304346
night,low,-0.95,0.1862813677812024,0.4972987593219102,0.41259977353728083,0.25487823494015444,0.46339285714285716,0.0,0.2587333599037145,-0.211279928282896,0.0,0.0,0.021277479207059878,1.367866847826087,0.03397015901274015,0.46203788001663815,0.37633889290679506,0.16949305667842948,0.307114573707372,0.0,0.07331044385741195,-0.4766470525329192,0.0,0.0,-0.015269417826725194,0.6583850931677018,0.3661239702806979,0.5371961293860624,0.4507803565111631,0.3821007110663384,0.617114615666986,0.0,0.5070919596965517,-0.035239390375797,0.245128832933711,0.0,0.06138424579080235,2.9856884057971014
night,low,-0.9,0.1833465679971799,0.4884728105121017,0.4238623462902823,0.2782302573969241,0.44927450831571936,0.0,0.20879851314558256,-0.14145411346168468,0.0,0.0,0.020778981668227246,1.4357789855072465,-0.022351460353098165,0.4471567746260851,0.37996848558495766,0.16158000913277004,0.31164001376509143,0.0,0.0,-0.46186369798801996,0.0,0.0,-0.016703778542961338,0.7003536922015183,0.3857503090259685,0.5309029538911412,0.46077337168679244,0.4062463464876046,0.617824145073309,0.0,0.4732966898526222,0.043676290524108846,0.2245641196015794,0.0,0.060950985111546355,3.308686518085495
night,low,-0.85,0.16751976130785118,0.4807680442139615,0.42706065504185536,0.29903628117913833,0.45995731625983727,0.0,0.1800506605823509,-0.10664389383289274,0.0,0.0,0.022198719203873306,1.4956521739130435,-0.04897434736269609,0.4421721333450559,0.3878409654095508,0.17326918039085504,0.2995562877014106,0.0,0.0,-0.4085152554943482,0.0,0.0,-0.017213002061711537,0.697463768115942,0.3545518951039553,0.5209038493578164,0.4653874864776199,0.4277915232050401,0.6278317089425582,0.0,0.4115304151574989,0.05288412949290608,0.191317839070474,0.0,0.06189435417658018,3.2922044836956523
night,low,-0.8,0.13060718348931155,0.4817283382111193,0.4365520952225195,0.28924184698008437,0.4426229508196721,0.0,0.167953909655717,-0.10180043834116699,0.0,0.0,0.02122608801644077,1.5569384057971014,-0.04776015924421387,0.4411503638368276,0.3909219718299074,0.1759545923632611,0.3055555555555556,0.0,-0.013798485070921712,-0.44831169304682106,0.0,0.0,-0.017646652604186266,0.7298819340329836,0.34632533213896666,0.5186059349495961,0.4720783798397523,0.4412835187719789,0.6247329059829059,0.0,0.40989142202822326,0.09053873769390472,0.1339233305218122,0.0,0.061754969505753744,3.261878293807642
night,low,-0.75,0.1290021659614284,0.47772335950038225,0.4382625814780269,0.30444987330321904,0.44065126050420167,0.0,0.16675580197418438,-0.08579054258322251,0.0,0.0,0.02231600544901557,1.547554347826087,-0.06522826369392669,0.44458284170579765,0.3944197651297653,0.1810966810966811,0.2997518870257888,0.0,-0.02303585749807583,-0.4256688215979522,0.0,0.0,-0.01823255190022222,0.6850845410628019,0.332758152156967,0.5159653977923553,0.4760117234304322,0.4450582614600518,0.6080915157347047,0.0,0.41279964164188626,0.08425789268836599,0.15018066847335138,0.0,0.05970172386845744,3.2705546265328875
night,low,-0.7,0.11119917895802563,0.47736706620219427,0.4397239387643272,0.30862173649058894,0.4444444444444444,0.0,0.13541807074875126,-0.08540103778833083,0.0,0.0,0.023118370220153464,1.5452898550724639,-0.056703654687977195,0.43871679969267363,0.39711830755522454,0.1892033620925416,0.30155173166050825,0.0,-0.04011763176451263,-0.3814202632482243,0.0,0.0,-0.0190868895159637,0.6739130434782609,0.3160396024741731,0.5133906197118705,0.4765809982277567,0.46082161138364475,0.6180479953175301,0.0,0.3818059464066564,0.11185150308275202,0.12614104874164558,0.0,0.06015152109237379,3.1691576086956523
night,low,-0.65,0.11206723501203161,0.47735008684691593,0.44013176201885407,0.3137953257465049,0.4529416307779454,0.0,0.1384406916712006,-0.09110714658552393,0.0,0.0,0.02002786195455329,1.5049122073578594,-0.067121763473127,0.4402665839617001,0.4010305103246007,0.19923945538638138,0.3003388068283539,0.0,-0.024175672853892473,-0.38788848887269906,0.0,0.0,-0.017776681892394293,0.7476449275362319,0.30982615916911577,0.5111608215438412,0.4751917564105735,0.4476692478536983,0.6247260512837033,0.0,0.377527446583637,0.10062842665996656,0.10177788215360906,0.0,0.06168517019367185,3.1256038647342996
night,low,-0.6,0.11430499152825079,0.47217790823567946,0.4414184737438249,0.31537000494457895,0.4293371959421086,0.0,0.13609926108798823,-0.08213692489013853,0.0,0.0,0.020081133140304318,1.516304347826087,-0.08679886845499891,0.4394192121046935,0.39834475939679087,0.1937298105500446,0.3022088086438691,0.0,-0.04758796991154037,-0.4138372582744406,0.0,0.0,-0.019232934822491568,0.7024102079395085,0.31220187458073845,0.5109474975361561,0.4799735049754374,0.4646370341786772,0.5865241920388979,0.0,0.3788974834949691,0.1231855189448561,0.132112475572092,0.0,0.05940589446061773,3.25883152173913
night,low,-0.55,0.09806430971044633,0.46858124218161784,0.4441074434191529,0.33137973137973137,0.4230171302485682,0.0,0.1035535587369953,-0.04737502098002782,0.0,0.0,0.01955809072706665,1.478713768115942,-0.08946935399341771,0.43629718190391387,0.40312398500963015,0.21169818824618178,0.28285091977818694,0.0,-0.06951360113828073,-0.38216666942079325,0.0,0.0,-0.01991494399961232,0.6910394592619656,0.2970920148443945,0.5067586651892251,0.48074183672266135,0.4736636080288854,0.582858793025993,0.0,0.3936192766102332,0.16351513823674865,0.11929877221015525,0.0,0.05956202886216504,3.1351902173913047
night,low,-0.5,0.07588003228499707,0.46757510953292236,0.4489837339995828,0.34579405514950334,0.4315973349964066,0.0,0.09011401671424138,-0.029231276353618607,0.0,0.0,0.018184349459094792,1.417578345567476,-0.13157984069389972,0.43292839477872636,0.4077337427807127,0.21991814961287792,0.27982069965516193,0.0,-0.08066164323731843,-0.32705309400918026,0.0,0.0,-0.01981218237767148,0.6670548654244307,0.2823076494660537,0.5040958888469977,0.48459930877743357,0.489545980335454,0.5861690806868031,0.0,0.35825093747732395,0.1679317931953707,0.0563531436671054,0.0,0.061904977741390026,3.121554736024845
night,low,-0.45,0.07916071435262326,0.4725746132832559,0.44470945322699507,0.3452237941562216,0.43079641542204516,0.0,0.12626061514770173,-0.0455424748316253,0.0,0.0,0.01765823546962003,1.4305024685459466,-0.11860952780620236,0.4342477562986228,0.4066296459474626,0.2110880046325801,0.28399248198228233,0.0,-0.07858112691123435,-0.36717445961309186,0.0,0.0,-0.019328921163098055,0.6818005364201016,0.30118068865683156,0.5058424466292841,0.48189684062171023,0.49093010352965566,0.593147587130743,0.0,0.37754466300576633,0.15544891039720893,0.07460784462145092,0.0,0.060567423763963034,3.0831771614192904
night,low,-0.4,0.07996302944154421,0.4728137351282723,0.44461792692266144,0.3421612942568222,0.43330157012637827,0.0,0.11185917994891204,-0.040306887685819734,0.0,0.0,0.018664769566813608,1.4271739130434782,-0.11861155084047378,0.4361029720949622,0.40819591534856253,0.21766307444236774,0.2906780924348754,0.0,-0.054363811836186667,-0.36799021057382075,0.0,0.0,-0.020404027530941265,0.7143002717391304,0.2882415400877104,0.506624183661198,0.48112477723489894,0.4862079036767468,0.6032874784294663,0.0,0.3446388380825326,0.11949417977062489,0.07493648124139536,0.0,0.06028594002733173,3.0859375000000004
night,low,-0.35,0.07577221490264968,0.46943596148174693,0.44550229578243705,0.3314308677087062,0.43975179857379165,0.0,0.11139058495486126,-0.04577185463640466,0.0,0.0,0.017382297214746607,1.4556159420289854,-0.12843854407583494,0.43707780467212975,0.40820373647912245,0.2159583174224196,0.29198479964763485,0.0,-0.05838120918991477,-0.35060278783938287,0.0,0.0,-0.020667479868939242,0.6593645484949833,0.2739940079549564,0.5064029881148059,0.479568309124273,0.4780445840291065,0.6100283191737464,0.0,0.3501867502652473,0.13682573911012785,0.11116818349356485,0.0,0.06313281564260026,3.0302989130434783
night,low,-0.3,0.09041248606465999,0.472823927222502,0.44331208320198734,0.32999877481009554,0.438375350140056,0.0,0.0936184326660659,-0.05426593498235174,0.0,0.0,0.017258897922048315,1.4328260869565215,-0.1078043083746252,0.4372840377622717,0.4042990442357213,0.21819618802375,0.2832512315270936,0.0,-0.06148478192695511,-0.3256806298519258,0.0,0.0,-0.022766498549574035,0.6857638888888888,0.25729722010662603,0.5079848694793806,0.4791666828654744,0.48984709624590583,0.5920917292792023,0.0,0.3560037871719888,0.13891844210553797,0.0714367780846499,0.0,0.062054524426212614,3.0910326086956523
night,low,-0.25,0.07693035741193655,0.4755423935017704,0.43956196922135055,0.3327544854518506,0.43421048004220153,0.0,0.12267047880377677,-0.06221652276455954,0.0,0.0,0.01969919549683675,1.4068249965926127,-0.08011393226383912,0.4426929480582343,0.4027676445555848,0.21541522725733253,0.28428341384863126,0.0,-0.018766875770916687,-0.3514167816076138,0.0,0.0,-0.02041209015536791,0.6521739130434783,0.2581488563602904,0.5052488370304582,0.47612822859250786,0.47172534240743363,0.592070057212486,0.0,0.37468784785992215,0.07212999479306427,0.051364398218303714,0.0,0.06383703666200602,3.059239130434783
night,low,-0.2,0.10831350292719262,0.47908022453177235,0.43539439629576915,0.3169631846373093,0.44235850447030567,0.0,0.161448857065081,-0.13361148701733724,0.0,0.0,0.017812876502214785,1.4073996655518393,-0.06654237360743526,0.44746160364923293,0.40141156527566857,0.201373583294158,0.29367447957153753,0.0,0.0,-0.4193564125360871,0.0,0.0,-0.01961039718061707,0.6782608695652175,0.30262220646848004,0.5143436124201244,0.4715233268048846,0.4572582472509626,0.6255585567623135,0.0,0.4178666958210244,0.0502305459018072,0.1054131054131054,0.0,0.06264032210805939,2.9937888198757765
night,low,-0.15,0.1098711616973187,0.4842937028216451,0.42973369069169026,0.31446147482113274,0.45230303731113164,0.0,0.1798841342590427,-0.16326604020034988,0.0,0.0,0.018656316442816304,1.45018115942029,-0.0557752978560432,0.4526359322931093,0.3949371985124499,0.19505154237127023,0.30010385100424475,0.0,3.96508223080413e-18,-0.4887078446430028,0.0,0.0,-0.020925615412327764,0.6754848678601876,0.3057057789362537,0.5182948976888053,0.46288372962139634,0.4374295372802702,0.6278149850847172,0.0,0.45537666861790077,0.0,0.16525127544766194,0.0,0.06583400829919368,2.888179347826087
night,low,-0.1,0.1340948820948354,0.48474562062557425,0.4259815079081762,0.3043493078592733,0.4774087997772208,0.0,0.2155438872068379,-0.2220176892366854,0.0,0.0,0.018510455747543286,1.5044300328827183,-0.03231992611442831,0.45444775343223065,0.38917161688912966,0.1857740387475443,0.318793595189062,0.0,0.03410463640236598,-0.585717805938853,0.0,0.0,-0.023666355676996334,0.731159420289855,0.35903813263331397,0.5205181437166158,0.45752462992403137,0.43271417111136246,0.6471061186578428,0.0,0.45907421102224255,0.0,0.17843413333835365,0.0,0.06772362709790804,3.0530984507746126
night,low,-0.05,0.23378337605289293,0.5019444270886536,0.4077810219684264,0.26738162019468736,0.5044706694271911,0.0,0.30907476288580427,-0.3924904608617666,0.0,0.0,0.019771512373058908,1.6542874396135265,0.039059998719344305,0.46916832981716233,0.37211551164906,0.1657559198542805,0.35782836713972255,0.0,0.1412600439574392,-0.7245020096746393,0.0,0.0,-0.020883847795383683,0.8086988871635611,0.4384672070744289,0.5395375520845631,0.4411165145649946,0.40199911382177395,0.6690921352757102,0.0,0.5615046022868452,-0.11355390231007662,0.2658491197015057,0.0,0.06858349588377746,3.198343685300207
night,low,0.0,0.13420288441759648,0.4527331407941819,0.44972420573396055,0.28160268679642875,0.4501236756225365,0.0,0.030125665567865854,-0.041410587393614265,0.05426356589147286,0.0,0.008827699990663546,2.5230306905370843,-0.06021782016580729,0.4143466203615796,0.40821617904747765,0.16507265474207736,0.30610445875752773,0.0,-0.11758453619967424,-0.41036054180058246,0.0,0.0,-0.03149513774869081,1.3642391304347825,0.32368252539395176,0.4973064038084238,0.4815867961622201,0.4030483765645145,0.6140451897157874,0.0,0.30880233316998934,0.12302034897964842,0.3643993693929215,0.06431073296098061,0.05934083481179659,4.609578804347826
night,low,0.05,-0.04375440599421953,0.43459669134228107,0.47757185468017405,0.37302433592088013,0.3705813032101597,0.0,-0.09644130755831976,0.13235587379447145,0.0,0.0,0.00800511832989087,2.021135265700483,-0.21975684340931395,0.3997722523421441,0.44230679064365297,0.23296446753656314,0.24152759862741413,0.0,-0.3538894296061946,-0.04314296976747458,0.0,0.0,-0.031011208978528094,0.9967273156899811,0.13602909495196414,0.46620789681507907,0.5171289857094938,0.5149930461938612,0.5476839699134313,0.0,0.04753499172648377,0.36940877870757627,0.10529864532019705,0.058596270950451224,0.053804558797638784,3.821807065217391
night,low,0.1,-0.056855853459826175,0.4373833863890788,0.48345324312620547,0.3976127196843231,0.3506334767209323,0.0,-0.11079577448916109,0.1342526587018809,0.0,0.0,0.0074819396961866725,1.6354813664596273,-0.2266233383229146,0.40245448517167337,0.4493580330161596,0.2481564623520915,0.23306057995980475,0.0,-0.43655795684627907,-0.025128806308572914,0.0,0.0,-0.03114341558775314,0.7648191745141254,0.12963058760444715,0.46836549876044087,0.5205165929839076,0.5541064334702115,0.49607943776191965,0.0,0.06677126226082943,0.42045188312743764,0.04375476986129649,0.0,0.05509627333519238,3.288464891885608
night,low,0.15,-0.05374687740853901,0.4379095645524279,0.4821067777144818,0.3939526968416287,0.35463045054385034,0.0,-0.08658604662186567,0.13649465291084012,0.0,0.0,0.006981628032622859,1.3554347826086957,-0.2298549124624681,0.4050078069124099,0.4481096161299321,0.2618982212684045,0.22370663011418304,0.0,-0.4133681432742077,-0.040591582823496106,0.0,0.0,-0.03134420000708452,0.6273341694537347,0.13937452813412887,0.4739202615628572,0.5165416297563323,0.5446357229399621,0.5035861283583449,0.0,0.11094408393442903,0.3802052842210169,0.0,0.0,0.05390038253442444,2.826896948160535
night,low,0.2,-0.059230472246504184,0.4433458748714001,0.4821111587270449,0.3989462698315658,0.3505358808031049,0.0,-0.06711247039042981,0.1360177778609488,0.0,0.0,0.006498002456840818,1.225943094629156,-0.2314542515845268,0.4108846791319216,0.4461097459479038,0.26145921019941654,0.2248180558182698,0.0,-0.37429548517768,-0.04176046829426433,0.0,0.0,-0.031631689806862526,0.559489966555184,0.10896592167384402,0.4742697764139713,0.5153152066856144,0.5460152635528774,0.5031104644815276,0.0,0.14040802179237746,0.38819889530641327,0.0,0.0,0.05391856860064911,2.520176630434783
night,low,0.25,-0.057551298642509394,0.4469731877016856,0.4792855586389969,0.3965978184934949,0.34872744078045137,0.0,-0.07685676673263063,0.1423145402190416,0.0,0.0,0.004817166111737138,1.1439764492753624,-0.2507431836613435,0.4118154078732079,0.44596976481709216,0.265941371526161,0.21064503890932712,0.0,-0.4524995425354528,-0.04563143388960953,0.0,0.0,-0.03049747913094392,0.5497451633035157,0.10272158591438832,0.4775717345249285,0.5197805019501499,0.5659310452279203,0.49833693341293006,0.0,0.11622137303225184,0.41541299004840065,0.0,0.0,0.0503964891674224,2.385499011857708
night,low,0.3,-0.07565199349231716,0.4489320317776296,0.4844521584503933,0.4076318926871188,0.34583232525139185,0.0,-0.08932728550886304,0.15210108635838976,0.0,0.0,0.007177912877743088,1.1136619190404797,-0.2530996244576328,0.41123774119388296,0.4480399300221668,0.2783678611477484,0.22730589502847784,0.0,-0.4350957247416441,-0.06054083090204987,0.0,0.0,-0.029188366779186653,0.5269215838509317,0.09999421732349481,0.4775661121097729,0.5167944055885675,0.5606216645103049,0.4889024800294066,0.0,0.11924020181727152,0.44011770294333136,0.0,0.0,0.04956434116827768,2.2530570652173916
night,low,0.35,-0.08305555302714242,0.4434788614672802,0.4845913178299349,0.40300290760001756,0.3492507554196572,0.0,-0.10504686988327636,0.1447598064474829,0.0,0.0,0.005839625160285925,1.1197826086956524,-0.25656819478074777,0.408513121890182,0.45229102079291644,0.27796233804293863,0.22293099049069087,0.0,-0.45415843161434044,-0.01923522246698766,0.0,0.0,-0.030357348983586982,0.5360208745059288,0.09897346679736962,0.4760305774999509,0.5174734425684174,0.5666097480690782,0.491828408920466,0.0,0.111488148784544,0.4119947959739872,0.0,0.0,0.05022788191694845,2.2230525362318843
night,low,0.4,-0.07423251151451378,0.4448214328817509,0.48353420414696796,0.4188252038548481,0.346752834534938,0.0,-0.07749939714942852,0.16441616853168434,0.0,0.0,0.00530867817178784,1.0895833333333336,-0.24931242192676534,0.4100408120157234,0.4460217410696497,0.2813916883703438,0.22521066992185867,0.0,-0.45784849475895395,-0.03484959538206382,0.0,0.0,-0.028440201539809546,0.5008188033915593,0.1065630983008256,0.4756404011411167,0.5198950511281402,0.5723699722425944,0.4896486648848567,0.0,0.1039189615847585,0.4676009879084264,0.0,0.0,0.048573602297465907,2.3565497757073843
night,low,0.45,-0.07188394276487226,0.4472749937158348,0.48383681571590526,0.42749754961902553,0.3493626265408937,0.0,-0.09451274424960415,0.15608889136570628,0.0,0.0,0.005017067851617395,1.0644354838709678,-0.2428110173920428,0.4115265971431505,0.4479285767138847,0.28162368528004117,0.22794913710336034,0.0,-0.4633175938247278,-0.032190376493143914,0.0,0.0,-0.029905991776336373,0.5134834368530021,0.08834570450061516,0.47652647258261865,0.518382797363584,0.5626120651039632,0.48164483981069295,0.0,0.1121675581042437,0.4382950425043175,0.0,0.0,0.04620491735151343,2.238062888198758
night,low,0.5,-0.10202352913809717,0.4468554794140661,0.48706673708292014,0.4100847973687831,0.3345560717979809,0.0,-0.12124280618667324,0.1626823714514369,0.0,0.0,0.004630489246281005,1.025115283267457,-0.2619164613717243,0.40583474854743323,0.4526039748357586,0.2789401297772216,0.21993426020431567,0.0,-0.5222344302399688,-0.018066553777736687,0.0,0.0,-0.029502909636018725,0.46289715719063546,0.06349839532790795,0.47433221258597097,0.5207722182934033,0.5600311740710613,0.4722196964525426,0.0,0.07631987965248711,0.4642097869724569,0.0,0.0,0.04446063807324471,2.254675349063273
night,low,0.55,-0.08519084279317635,0.44361900907860485,0.48791266164108327,0.4307633953621538,0.32923692004295146,0.0,-0.13438203954357092,0.1631872794045361,0.0,0.0,0.003624756858216486,1.0527518978605936,-0.26193396813542447,0.40571263520424705,0.45300677634009684,0.27521246494397045,0.21294912408820393,0.0,-0.5134859938663284,-0.02536041025033139,0.0,0.0,-0.027249442815278736,0.47904211956521736,0.06679189879579073,0.4736784544528061,0.5234919161627164,0.5699355281478127,0.4677902367917397,0.0,0.07472582110333248,0.4732516830556548,0.0,0.0,0.04294966486676297,2.105019181585678
night,low,0.6,-0.08748336180920066,0.4441809829506099,0.4867351998774547,0.4235392829900839,0.328670486706201,0.0,-0.15141290722306486,0.1853611136297452,0.0,0.0,0.003187193577200489,1.0726902173913042,-0.26764986646222066,0.40755447568616726,0.45276975292517263,0.2900002780247544,0.2148531858668131,0.0,-0.5408320129580902,-0.03426496461412352,0.0,0.0,-0.028897603613716856,0.48137351778656123,0.08841873812004931,0.4750961875322327,0.524680977447393,0.5754109572759553,0.4662129358311352,0.0,0.09418599637280094,0.49823291473728715,0.0,0.0,0.0426132863627435,2.157485177865613
night,low,0.65,-0.08139221439604952,0.4369315288287346,0.4906472407920005,0.43307246978326996,0.31257967819361465,0.0,-0.14975687157945997,0.2026692071465277,0.0,0.0,0.0045439366895630275,1.0675465838509317,-0.2748708514323622,0.40324845708479395,0.45547571423705185,0.2900075392140767,0.2064945684913944,0.0,-0.5662223931879545,0.0,0.0,0.0,-0.029819063929727913,0.4751430205949657,0.07290429401578191,0.47092741817604233,0.5294913619969037,0.5819283263103361,0.45929431671117665,0.0,0.07669209588996705,0.510307809132702,0.0,0.0,0.04157228091668531,2.163920771257728
night,low,0.7,-0.09814988733049723,0.43618671859273717,0.4925416794122621,0.4577522734132944,0.32070805951073617,0.0,-0.15308297947738284,0.20968448715881483,0.0,0.0,0.004285798016858836,1.0961585968379448,-0.2818378428887746,0.4037928059281479,0.4534273043144975,0.3015639925987732,0.204020494623397,0.0,-0.5942058816053426,0.0,0.0,0.0,-0.030902495640317756,0.4956974637681159,0.08219546451442668,0.47059021233347215,0.5337251774686975,0.605960628905275,0.45008965991298594,0.0,0.055859032697461,0.5170406341394284,0.0,0.0,0.040928199356310306,2.0833866155157716
night,low,0.75,-0.10699938987082613,0.43446898285623814,0.49042373749862944,0.4438269309953636,0.32641977735565053,0.0,-0.18890180707603346,0.20974271085422708,0.0,0.0,0.0025195400762845475,1.1316425120772946,-0.2772574498354489,0.40227830425654243,0.4545478565643819,0.31467448097351153,0.19819822952563904,0.0,-0.6524883607999926,0.014613695539531651,0.0,0.0,-0.02927356158738576,0.5022150164413591,0.05252312191128523,0.4651712666733676,0.5329404942991793,0.6215149984179207,0.45175614698220384,0.0,0.03672207150458664,0.5284902864479639,0.0,0.0,0.04178177429307339,2.228370577909803
night,low,0.8,-0.12753158626817918,0.4320153604792624,0.499586125894921,0.47692575472903287,0.303323369224865,0.0,-0.2369724022585808,0.2558994226825864,0.0,0.0,0.004215149373362521,1.117242114236999,-0.32367162563244517,0.398256486504175,0.46267307114496564,0.3263286133770606,0.20525527040785396,0.0,-0.638185077138453,0.047967724871534737,0.0,0.0,-0.030019700107614324,0.5358091787439614,0.04190618805788907,0.46217042203905345,0.53046676705249,0.6206772059952612,0.41911517152268385,0.0,0.0,0.5395593283611011,0.0,0.0,0.03733946626288409,2.295284878165313
night,low,0.85,-0.14361329321640492,0.4312779670749222,0.49926736102794855,0.4680093191122603,0.2964399745030295,0.0,-0.2354392544964361,0.24041178791850726,0.0,0.0,0.0019028572992025876,1.0953351449275361,-0.3003730525218317,0.3967355766153929,0.4633829195437727,0.32237687509295043,0.19470036040027033,0.0,-0.632132601720822,0.040522849958016235,0.0,0.0,-0.0311830368080591,0.5323757763975155,0.030013686390220565,0.4599880753020419,0.5321912321757513,0.6334284507757797,0.4198798950677404,0.0,0.0,0.5548215061740204,0.0,0.017495223015817983,0.03551066120858279,2.3610994983277593
night,low,0.9,-0.12139386205803313,0.43338470008539165,0.4935031114259828,0.4813999073658266,0.29698183987317706,0.0,-0.21175055095662493,0.21742228519232593,0.0,0.0,0.0002965069351203435,1.085295893719807,-0.2947697984230805,0.40362905282083605,0.45885714130780153,0.31916925919116906,0.19053544687137117,0.0,-0.6205665088052041,0.026137774152650062,0.0,0.0,-0.02990235297288178,0.4996294466403162,0.038401743424505405,0.46449965616070443,0.5255859481271359,0.6330893078199112,0.42687449796609983,0.0,0.0,0.5053150286394403,0.0,0.0,0.03281404835310775,2.3228260869565216
night,low,0.95,-0.1006253585714974,0.4433597911113765,0.4868822083677439,0.4602121935487052,0.3023693933219639,0.0,-0.16789231297067858,0.1721370406775205,0.0,0.0,0.0012329588505785639,1.0181731502669717,-0.29552982194270516,0.4103912510711081,0.4494747684481184,0.30109589468949366,0.19142606432231268,0.0,-0.5150404557150452,-0.007307854858136205,0.0,0.0,-0.0292587663998006,0.47310068649885584,0.07881772564131942,0.4746676947578353,0.5193894802745245,0.6242240634577605,0.4420380080476163,0.0,0.07397613028124711,0.43921564591056916,0.0,0.0,0.035658412416881426,2.1470391022021458
rth,high,-1.0,0.10860271681235667,0.461112512632149,0.42685287231287883,0.38620087211590526,0.5094951152447941,0.0016098031976982212,0.27555279495551677,-0.2787972446196292,0.08390649842554804,0.0,0.019766838074965612,1.0129115355616989,0.02456830197152793,0.44539156266756197,0.4084984555842501,0.32062511121240445,0.45479907230654604,0.0,0.12350865620841882,-0.5009887931382828,0.0,0.0,-0.014671024900992678,0.6394578145842598,0.18119833093870114,0.47492883544491477,0.4448533917553119,0.44583278249975977,0.5907714978719427,0.010571051901168672,0.4254383356004054,-0.09124249117529855,0.18856085614085508,0.083823170877138,0.05327606666105969,1.7003455140819088
rth,high,-0.95,0.09739761425229136,0.46085328208063664,0.43086091471831434,0.3938071795431762,0.5241677166100484,0.0014664468826857003,0.2712229657669354,-0.26761321628069057,0.057790170907617094,0.0,0.029218554608738113,1.1426059730250482,0.016843989099101158,0.44273113992297924,0.4120826418876506,0.33823657169332155,0.43134602320491044,0.0,0.07895373841617132,-0.4939285479447259,0.0,0.0,-0.011889578181172679,0.6941443090203834,0.1828895765581433,0.4748748236464679,0.44560515406258894,0.4552352048760915,0.6003639194178217,0.00846591759794662,0.4228554233228303,-0.05657421554369188,0.17246594187986336,0.059849623779286876,0.0667236858776927,1.8489110239471511
rth,high,-0.9,0.09709924094460126,0.4587253495789909,0.43121201441227125,0.3950312878961779,0.5157457791006628,0.0012944919785674194,0.20526098304461676,-0.23431074862522883,0.035832528144372454,0.0,0.032638269607215525,1.12725521107024,-0.0010076107883673336,0.44133008555111086,0.41205982498420185,0.3439347088061704,0.43955300576623835,0.0,0.04834883633247866,-0.45477409302713434,0.0,0.0,-0.006557400812719709,0.69512576159975,0.17086614712798365,0.4732180576331857,0.44933705643305405,0.4659889399049493,0.5923927360805193,0.008207055832926087,0.38720990273661426,-0.014259122639861142,0.1840403754484868,0.0666880687845826,0.07494334594939689,1.9374849470134876
rth,high,-0.85,0.07494111347100516,0.45604910580527397,0.4354813414752723,0.40838949411598174,0.5012630647627648,0.0012616770618247633,0.1860419148744953,-0.1984039891503726,0.04358310959238467,0.0,0.035365975783146195,1.1866916546242774,-0.018055158940537122,0.43962715150709664,0.4148575984835393,0.34811017789221804,0.42155232163723577,0.0,-0.010340751657419297,-0.41860781584646256,0.0,0.0,-0.0010203476939673992,0.6684248554913295,0.1733345474037737,0.47074457249272966,0.45369582084475724,0.4676301002002936,0.5795888580783697,0.00904174810455435,0.36916773753314774,0.0621988010380714,0.15725755007166073,0.05379872066268601,0.08353687129541548,1.9179371387283237
rth,high,-0.8,0.05779438135052435,0.4542656252490676,0.43586310202541245,0.4148248567184649,0.4969123439989864,0.0009658864228798214,0.12022438007351748,-0.12392111690856533,0.04003098890064763,0.0,0.04097377303621297,1.1812586995186267,-0.030721126510630137,0.43857429619321664,0.4179545529727722,0.3507367984124915,0.42953089141882483,0.0,-0.06315399607963215,-0.39461453336389685,0.0,0.0,0.00047382732409060127,0.6964944866800704,0.14823707772482325,0.46853244966257207,0.4556843145957345,0.4804426620408943,0.5692798243128425,0.006731116874642921,0.342082865302142,0.06829947302411243,0.1574270965073248,0.049975328844210166,0.08822977592176603,1.8551919900908338
rth,high,-0.75,0.04369255902168069,0.4541450958367588,0.4380469630487625,0.42407783464692156,0.49187555066104544,0.0011229831040497364,0.13907188965180325,-0.1463507378197992,0.014700625006218309,0.0,0.04388898167301282,1.0916684958903442,-0.03324995768707311,0.43664351288824654,0.4204066753825785,0.3503477018886042,0.4261129953063895,0.0,-0.07073219802610188,-0.4017182993806522,0.0,0.0,0.007003441383930154,0.6687439788053949,0.13424253719037574,0.4697206119805281,0.4555900905428597,0.49577207120100786,0.5678160260182459,0.00686215370803396,0.3345653277132619,0.10364729222762328,0.14865062055482064,0.0316709495148308,0.08949859426890157,1.8736372619857193
rth,high,-0.7,0.04594746784735607,0.4542004562873704,0.4398064479183279,0.42568206191089575,0.49391083331570523,0.0011482285724887967,0.1072456216567353,-0.11374291183276383,0.010965250965250965,0.0,0.04991309175677834,1.0725351618263086,-0.03216281460894634,0.4351140749466652,0.4220886649167187,0.35690926972474124,0.42065190950709086,0.0,-0.06070253918210523,-0.3832022686900215,0.0,0.0,0.008050290447920001,0.6788192413002271,0.1565890881011454,0.46885654969905566,0.4588894942186812,0.4981429187780224,0.562497656283389,0.009102651851138037,0.3389082458411541,0.08703262962488895,0.14440393426981754,0.021464448452248375,0.09211100530335137,1.8716221098265895
rth,high,-0.65,0.047077117825843055,0.4534723997426807,0.4405823761062926,0.42877779053685317,0.49193750122116187,0.0008773971612987036,0.10600466877936124,-0.1257375126455959,0.0,0.0,0.05040061294079726,1.048827819871895,-0.037939652793013756,0.43487213822258786,0.41888477494433246,0.3635966837371042,0.4165657535119635,0.0,-0.10765108003904343,-0.40285586013244024,0.0,0.0,0.012852812180947316,0.6692701165244519,0.14047727094434542,0.46879570845597524,0.45804626809380145,0.5089406305724404,0.5778214607311631,0.007904645872088069,0.32197029879882244,0.10741534737010798,0.14566194889341036,0.047625161651476317,0.09830840816907124,1.7808887283236994
rth,high,-0.6,0.045912486244965675,0.4543166658181791,0.44087209368331276,0.43984272072603825,0.5020093384007984,0.0010707982264725113,0.12335130808759079,-0.12875285125712374,0.0,0.0,0.0534115236690519,1.0894415439119896,-0.03133085641553426,0.4349985272965399,0.4181698435004254,0.3560946491674484,0.42980898677211704,0.0,-0.06951261626081119,-0.3518405237810014,0.0,0.0,0.015802291809554503,0.6825721778756462,0.14194193461301075,0.46848279406213744,0.4572889263091298,0.5061205126335115,0.582279874499013,0.007861304687907623,0.3014002199717181,0.11023616353319654,0.14309802445724276,0.05367068243471986,0.1014734509129383,1.72422068538398
rth,high,-0.55,0.04039200415107745,0.4521571103337766,0.4431875585574523,0.43851069689761957,0.5060480043089439,0.0011010126573985368,0.10623713361052091,-0.1243667325592342,0.0,0.0,0.05800266255743415,1.0663810900082575,-0.04188639645478144,0.4347470466034638,0.4212486026963091,0.3684145036281401,0.42665233659722235,0.0,-0.12061521733670887,-0.35470900003795186,0.0,0.0,0.01871381306467695,0.6721937002030932,0.13077151566245238,0.4660013834184356,0.4569490714399975,0.505116817174354,0.5752024215753822,0.00881393744462081,0.3130529184164536,0.13045792448939109,0.13621463682320187,0.05631465392875562,0.10413425331723936,1.743198529411765
rth,high,-0.5,0.03600761339602492,0.45250098812562084,0.44176829113808697,0.4471486728689981,0.49582174631086406,0.0010551884867681484,0.10947255684335325,-0.10149242509381051,0.0,0.0,0.061446902709321696,1.0890293834296725,-0.031624383345884195,0.43161815881354954,0.42144301903528636,0.3688886280556341,0.4179139331893335,0.0,-0.15473194380173627,-0.3423913841639413,0.0,0.0,0.02286013948903339,0.6747178640242224,0.1233675923340608,0.4678104304738497,0.4567454565295671,0.5182062160810441,0.5759855168274018,0.008078963941167729,0.31564468446087013,0.13715894381227395,0.1358547928163565,0.05822568393318961,0.10696373876478378,1.7318912572254335
rth,high,-0.45,0.03981577742896143,0.45227656636631175,0.44060300557666854,0.43247161630552233,0.4970522938590116,0.0007916269532089617,0.1026539027500959,-0.09186687867312818,0.0,0.0,0.0633452396306576,1.0509860781379026,-0.04101031646907377,0.43634405087043915,0.4213450927053294,0.36765281642779557,0.4227371706866237,0.0,-0.10303819072213491,-0.3236563264649044,0.0,0.0,0.024042422515315097,0.6737925188972878,0.12164428199883968,0.4681246995152234,0.45754670241593504,0.5115220577182719,0.5729262185332958,0.008148702184236873,0.28698635441131837,0.11297600509813129,0.15718172030723843,0.061107855271525985,0.11074210292820892,1.736014455092452
rth,high,-0.4,0.03660492638432398,0.45322795943073413,0.4397318708157391,0.4334276832977252,0.4896928846309036,0.000349926151670798,0.10904125936479127,-0.12026808613123001,0.0,0.0,0.0645649479410692,1.045279619554951,-0.04424606259087645,0.437351994960515,0.41863498101167157,0.36824728680866725,0.4191209066954088,0.0,-0.09861350022329221,-0.34336644619075357,0.0,0.0,0.021124506311223926,0.6807777663088357,0.13254417216370082,0.4696857222901021,0.4593145504722502,0.5122274403132074,0.570956838091305,0.008756961706067313,0.2962967856552933,0.11126169291659802,0.1580686419225888,0.07315148748423143,0.11880669339393594,1.7177981880835929
rth,high,-0.35,0.03058892100220877,0.45222855636836595,0.4410977833394388,0.4426923185125293,0.4906417749613558,0.0008461678701963196,0.09823916392514151,-0.10861431757520762,0.0,0.0,0.06694446753043158,1.0484681077392421,-0.037618153008655564,0.4346490148212434,0.4185295068576971,0.3564508512334552,0.42011269749116664,0.0,-0.11800666559605677,-0.3197247727511836,0.0,0.0,0.022841258537461696,0.6538114161849711,0.13127051359729064,0.46718128681948623,0.45842031549651974,0.5164177217930193,0.5637074980796881,0.008861943230116052,0.2711829984439509,0.11456893383779995,0.15376377624467935,0.06226467732433237,0.12466295588118285,1.7880141173855046
rth,high,-0.3,0.033615553002780296,0.4500587416900234,0.44230987766535357,0.4436564707566095,0.48082292644622543,0.0006958274184598519,0.05635478221107528,-0.058342589604198164,0.0,0.0,0.07223298214689967,1.0346218689788054,-0.03898436599229401,0.43541850973332263,0.4217574465801699,0.36320849866401117,0.4115992950483871,0.0,-0.11875771532013632,-0.28618667936925885,0.0,0.0,0.02876796216696445,0.6665161368015414,0.11842084924932536,0.46551440520443677,0.4593789098870016,0.5150943355701488,0.5560538609551292,0.008594816557892852,0.2361006583136709,0.13386161194853952,0.15620372169278862,0.06388109475683815,0.13086383492867268,1.7924504254977518
rth,high,-0.25,0.02400516369183116,0.4531689726209307,0.43982364025695075,0.4361394297133225,0.48516912721116223,0.0012611191035510046,0.09145362064547444,-0.07304257829088764,0.0,0.0,0.07546759509245696,1.0452555142438982,-0.042821159286050736,0.43487799328071874,0.42048289288861995,0.363899557866486,0.4083589313722241,0.0,-0.0824975980018306,-0.3005529144486959,0.0,0.0,0.03068625293844085,0.674640372290262,0.10971661692283101,0.46547224263778453,0.45668327099663636,0.5099888158449833,0.5658520642452293,0.0069315545785536125,0.27044549254733413,0.1006670099865305,0.14469283902368993,0.09675723605108225,0.13035787020404555,1.7779211395540877
rth,high,-0.2,0.038246753101381516,0.4538133077399722,0.4391865114436438,0.4216031725609012,0.4917173170075925,0.0013362730742198729,0.1411598598811773,-0.13539267039110214,0.0,0.0,0.0795394092324252,1.0435809373670646,-0.02707285240443926,0.4370572855810366,0.4174939552394824,0.34936908750924905,0.4286040981456137,0.0,-0.04238384177856743,-0.372797661264726,0.0,0.0,0.031867930637212626,0.679169908848377,0.12683700113452148,0.4680180797370547,0.45322298901885644,0.5025678868282981,0.5707811689055706,0.007991613276667607,0.32302959065153103,0.057790535863597454,0.15094893444624902,0.07580492239632358,0.13837480811101713,1.7467945553441282
rth,high,-0.15,0.062479609096418656,0.4540997891422193,0.43361792990406045,0.4095461933097844,0.5092618810591435,0.001153233221448058,0.16520534329607675,-0.16776183221056923,0.0,0.0,0.08194650656838215,1.110007225433526,-0.028730388253220572,0.43810368195363003,0.4143330473534991,0.34957177376201853,0.4392592376606077,0.0,0.0105245677430727,-0.3795520075128016,0.0,0.0,0.035791379612252996,0.6388063255386232,0.15381631008167215,0.469554152676368,0.44985558546656057,0.48952422886642466,0.5893717558535803,0.007033980785880809,0.34552839673010394,0.01598305563974419,0.17194474213878597,0.07532408261186557,0.1471389219253668,1.8451950867052023
rth,high,-0.1,0.07907698503616582,0.4576447735766315,0.43008942615025875,0.40104388217165127,0.5204119539748379,0.0008137375851416867,0.208869756693408,-0.2365989778253872,0.03178718187666897,0.0,0.09043492109175091,1.175066233140655,-0.007993656391394093,0.43965747799912774,0.4088427683144807,0.3334712927367227,0.43237523161043445,0.0,0.047876227519662015,-0.46920717355890873,0.0,0.0,0.043408259755816164,0.6900916489199879,0.16838620776078436,0.4711169908626418,0.4467883773724673,0.4731362010705519,0.598670097606724,0.00648669507883886,0.3953852333952954,-0.04713563115020013,0.17096351624878114,0.05121293181730667,0.15211290895390933,1.9135082764056752
rth,high,-0.05,0.11593094414504362,0.4598230826506174,0.4220836425311357,0.38821384234193845,0.5398371324532515,0.0013308012688886624,0.2653432112849787,-0.31129896536060603,0.08857208171116154,0.0,0.10280877525837778,1.3463520162400222,0.03442523390099388,0.4445487420987241,0.39873079301280656,0.3182001113722008,0.4671510837924302,0.0,0.1358898119010989,-0.479252232168378,0.0,0.0,0.04691844989605257,0.7694513258097074,0.2107426086410495,0.47304182855284066,0.43793887335642495,0.45862017899883106,0.6122183472202443,0.008423324204559398,0.40839010931351005,-0.14839765597976134,0.2015248875544582,0.06144712724791068,0.16207959725596488,1.9994064822460775
rth,high,0.0,0.06721543433834466,0.4410626037535221,0.430879684984459,0.41445809394609345,0.4837676822433873,0.0012975257170024313,0.026203532915459744,-0.05403252180684279,0.11899770952255749,0.0,0.10284628115054165,1.59697762497618,-0.017054973288731828,0.4214712715467495,0.4127553318252609,0.3443858648842012,0.42224120894024875,0.0,-0.1434877508630496,-0.2784597072425248,0.0,0.0,0.05065650521642364,1.0373795761078999,0.1552144414502319,0.45559570975328856,0.4476585610652676,0.4806857650095694,0.5669810000508735,0.010097611467131489,0.19697660479366022,0.13101714377341428,0.2519013473431245,0.11915561859640253,0.15905239813235267,2.4466061305024454
rth,high,0.05,-0.03692918623396958,0.43462497321204124,0.45355103129310176,0.48504913407025957,0.43727629727007716,0.00046852979842547415,-0.1806114634363828,0.1733602680444572,0.014885699096225412,0.0,0.0991051951395042,1.3182467529606652,-0.11755940193861943,0.4159119421685983,0.4358937501929686,0.41417987865363604,0.37417673290855147,0.0,-0.4044268301090399,0.019539459205068662,0.0,0.0,0.05154147410842011,0.8308010464778603,0.03835767703714514,0.44753717038029683,0.466285314040346,0.5591481862878614,0.5141003407600552,0.00558995477925029,-0.03110825435646524,0.3673212604142607,0.13497236864432946,0.10445205941233804,0.15913426575941317,2.1113659328958234
rth,high,0.1,-0.052985018875428974,0.43640355880634624,0.4558309717453727,0.49693977604933,0.4366579441267119,0.0005129772008167397,-0.17929047172907672,0.16970613008372462,0.0,0.0,0.09425045251491647,1.14716021448129,-0.1199770379821305,0.41840002608109517,0.4380189662482167,0.43450476055709725,0.3660068274401119,0.0,-0.40483950963794796,0.015052758044444926,0.0,0.0,0.046954006049371666,0.7246075416234377,0.026825535466399868,0.4522858344461176,0.469819586716124,0.5668646265261233,0.5031871686014922,0.005077982489441735,-0.014928426905550449,0.34204297046468024,0.1004207469420133,0.11202941789568724,0.15440901347780747,1.8829780828516376
rth,high,0.15,-0.04924645339000171,0.43919905886807703,0.4565148992134443,0.4980256358027934,0.43157063677260216,0.0005056736641894582,-0.17591361603948466,0.15617506458037556,0.0,0.0,0.08658736422372665,1.0802692825685187,-0.12414009271676561,0.4222625862888607,0.4381305935973504,0.4309123660192499,0.3724649673955509,0.0,-0.4038392026633578,-0.029782323064486624,0.0,0.0,0.04381277871376886,0.6645739105547632,0.01917171872827452,0.4562184602171648,0.46977566905843415,0.5743196879375081,0.5002316208753328,0.004703860015111717,0.05494800294797218,0.33509400002866907,0.09071852021805922,0.12843460799531314,0.14961444957715392,1.7857576852338415
rth,high,0.2,-0.04388144531291904,0.44489626644558605,0.453199815227311,0.48856578510927406,0.4404064923054354,0.000327653997378768,-0.10754367397443296,0.12389025682078622,0.0,0.0,0.0825357449710532,1.0141855943962543,-0.12243691881004247,0.42288938971173784,0.43557315472639385,0.4270480639213118,0.37441906819826726,0.0,-0.3486210245027914,-0.09410401314829109,0.0,0.0,0.03999604610231418,0.6531465495385864,0.037996026529036386,0.45964878839509293,0.46869410046026083,0.5558571606392939,0.5174853874356329,0.004776999286580369,0.1215656032156307,0.29564429617513954,0.05759329966158927,0.11015713320158801,0.1463278351707251,1.6942964234104045
rth,high,0.25,-0.021186563164032526,0.44784467179790016,0.45287981295612817,0.4846130108941434,0.44301830282230525,0.0003761306702393706,-0.08924970926484357,0.09257964112230277,0.0,0.0,0.08331823715934437,0.9895295439948618,-0.10944461304421857,0.42498252491780675,0.4364974403217955,0.41941430623721776,0.37098182468691643,0.0,-0.36662127681412127,-0.1245467618697155,0.0,0.0,0.037075416222970344,0.611622912652537,0.046973674841301764,0.4639551785531173,0.46824044325415487,0.5644317051057289,0.5160734651618637,0.004807893419040922,0.130892055480389,0.3236190588754544,0.08264244489607978,0.09496342534158465,0.141649497702434,1.652929741260666
rth,high,0.3,-0.036104487014694576,0.44889764348468975,0.4536712125946032,0.47959399767968874,0.44726808820687786,0.0005946299520727695,-0.07312263389630724,0.09946926563140691,0.0,0.0,0.07608262986667401,0.9802023121387283,-0.11180928887698344,0.42740713994471924,0.4358140364579246,0.41020754314150065,0.3745896109693797,0.0,-0.3099547801541085,-0.15079429360995228,0.0,0.0,0.03869629866747083,0.603191760342026,0.048407639643515105,0.4637713433310306,0.46810355482180255,0.5637741723167641,0.5259294056567747,0.005100862592956222,0.1595640124759166,0.3133521903044273,0.065465684268189,0.10779329871298993,0.13304159064067328,1.5676248576808547
rth,high,0.35,-0.03749586565137736,0.4474264825854111,0.45497659770542703,0.47920542433467495,0.4329109775961016,0.0007407815018580649,-0.0739537868324521,0.06603673728288366,0.0,0.0,0.07420979475947612,0.9497883980181667,-0.11858454479705823,0.4275638139641924,0.4384649640061282,0.40673811588630954,0.36341461317760215,0.0,-0.3915271232577098,-0.11161042978770133,0.0,0.0,0.035619282238623796,0.6241197548615363,0.03795511096028489,0.46461098276621543,0.46859548527891354,0.5514470481753585,0.5072856023698622,0.003998790674037619,0.13476322560805123,0.3383389352270794,0.07414673293599827,0.11182236406026191,0.12818987543994426,1.6282342416735482
rth,high,0.4,-0.03329968419793833,0.4490480219556029,0.45522644603562934,0.4812036884876909,0.4302502747966659,0.00039228547549482085,-0.0760119836334627,0.08536419445367817,0.0,0.0,0.07293355096125571,0.959569145577306,-0.10965949944058256,0.42997960121435147,0.4358517100792736,0.40774299552489474,0.3719152884564227,0.0,-0.34304068410466915,-0.13360135183041807,0.0,0.0,0.03304049841871515,0.6126179732946139,0.04074880441498503,0.4637262773979435,0.468122650081606,0.5471971993296526,0.513775799944205,0.003930214785098746,0.1440482273755142,0.3147647088868712,0.07443628949358282,0.1162162656192458,0.12860610624574442,1.5838517515721273
rth,high,0.45,-0.02773231697654312,0.4484963338805018,0.45538906352084235,0.4783627360812694,0.44253880360929826,0.000290790708209895,-0.09117555599951634,0.11202410752157116,0.0,0.0,0.07369709843355096,0.9497574318744839,-0.11103392194611071,0.42866579145489625,0.4393658517168258,0.4056256513444235,0.3769381330757882,0.0,-0.33524298762242954,-0.1394882465608816,0.0,0.0,0.029949572150418387,0.599344836252394,0.04322404934750314,0.4633784372938615,0.4704670751312258,0.5531874758044077,0.506277766213749,0.004043316239408727,0.14693149369024205,0.31176199087376305,0.0687554601702024,0.09081487330171528,0.12333884683417007,1.6492153679653678
rth,high,0.5,-0.03680248700198877,0.44846785631010594,0.4546898448669584,0.47481464590380384,0.4415254043312412,0.0003613240849629248,-0.06510328661422912,0.08718937795390513,0.0,0.0,0.07018113290765766,0.9246420126116657,-0.11673486112554657,0.428520150469928,0.43821348485970646,0.40710362258450444,0.37784747930365115,0.0,-0.341574203941135,-0.10222294950395693,0.0,0.0,0.02855559856077976,0.5987368393889347,0.04678667467939574,0.46325407888706216,0.46953954913616774,0.5504193831608789,0.504595157994952,0.004962869163591172,0.133576107851934,0.3251830787262438,0.06548809846506991,0.10683027711020843,0.11667792980213251,1.6497699269850927
rth,high,0.55,-0.0345775997883343,0.44709212028560874,0.45441235741357766,0.48013045201916005,0.44320240934393773,7.303242391394416e-05,-0.056408311585363954,0.08675934561546889,0.0,0.0,0.06460009507483601,0.9256510188591114,-0.12683754672772346,0.42826113503568364,0.43809225025139514,0.4191255877518192,0.3755095233551825,0.0,-0.358363762207758,-0.14095496606885938,0.0,0.0,0.024833996421470404,0.5914344056295551,0.0484456423226107,0.46495307148649245,0.47063579773083125,0.5605808172521498,0.5123291532459632,0.0050550741874973,0.15018960353163394,0.32497462426486223,0.07278055445506451,0.11045543320846342,0.11397305244103434,1.644302229562345
rth,high,0.6,-0.04511842344184156,0.4477073996921467,0.4561385470929844,0.4886094499140665,0.43816056992443775,0.0,-0.10229614137256862,0.09074738778260036,0.0,0.0,0.06215975371887272,0.9321247153617096,-0.13170063707480514,0.4298632306222569,0.44019369232759453,0.41776747272263853,0.36262871323485885,0.0,-0.38875650508185455,-0.09892139678520215,0.0,0.0,0.0179984884896308,0.5704027716021935,0.0379009045137079,0.46233907621792936,0.46950419783287634,0.5434282906814507,0.517126394708073,0.003610693791228993,0.10663324513017226,0.3380705721010926,0.07019230323772677,0.08994141316244167,0.11012793522317053,1.6371563618221856
rth,high,0.65,-0.05793232991040932,0.44406730136071426,0.4580645537071631,0.48554418410469863,0.4295611692137847,6.898930665746809e-06,-0.1541222158814068,0.14408417598199558,0.0,0.0,0.056876341233457424,0.9185220223523832,-0.14934810503171772,0.4230194079020247,0.44100461816260095,0.41859146816039583,0.3602620205891782,0.0,-0.41684357889591694,-0.08302489008343414,0.0,0.0,0.013907321395257115,0.5905169948217727,0.025644992617928793,0.4603293307574146,0.47274479490719545,0.5549379208235945,0.5027318018169477,0.003948869038458657,0.0728639775773627,0.38834520751945756,0.08107181725750885,0.08660371180707438,0.10148926359300336,1.6414539894715112
rth,high,0.7,-0.052631121279240446,0.4458601229165204,0.45890051850260405,0.48007335757217495,0.42696889943845817,0.0,-0.14395529009034114,0.13727296303131553,0.0,0.0,0.05402665917733385,0.9684976283983737,-0.13656739478405938,0.4247328364351773,0.43996834319226513,0.41110281336911014,0.3592680842559004,0.0,-0.39739306554483544,-0.08018600301001591,0.0,0.0,0.009330161124398748,0.6125448070715411,0.033414681361934234,0.46142759050432547,0.47442306380088484,0.5562158279085423,0.5014131545979357,0.0044423620361354384,0.09081246510428882,0.3547301200069004,0.044116036906225314,0.10124255158212461,0.09796554226712834,1.6821893063583815
rth,high,0.75,-0.045602854023478426,0.4458971404942828,0.45787707598314964,0.47549868562163156,0.42776797185646165,0.0,-0.13745092367382156,0.12472134762177739,0.0,0.0,0.04972087132267424,1.0263653405609867,-0.13386579824608627,0.4281815220146627,0.44168718241489074,0.41745032906333335,0.35551938209825484,0.0,-0.4190066734179422,-0.11821522991761264,0.0,0.0,0.006630247828351072,0.5856300465263145,0.03658578578857825,0.4649084848120627,0.4734405621865229,0.5432748020036842,0.5002181928973741,0.004353373841759125,0.11619502353378042,0.36930434215938174,0.06479849268432192,0.10488479635005964,0.09176618255127957,1.7316796732891386
rth,high,0.8,-0.053277647332387025,0.44605755263939895,0.45981159768133084,0.48637476821401143,0.4161097102735758,0.0,-0.15723644201022535,0.15870639087181893,0.0,0.0,0.04161883831701493,1.0508930811934016,-0.13133942302396576,0.42477236132042223,0.4417864103439904,0.42081427113763775,0.36241641369327177,0.0,-0.4021909327814014,-0.04229887077209064,0.0,0.0,0.0039493805676389035,0.5857293760995225,0.020522663145901843,0.4607759010770714,0.47229393837842304,0.5567163529153776,0.4809815441818733,0.003181405519193683,0.053521351210518917,0.35966746919125964,0.06296619188045072,0.13057276469008905,0.08479149772239747,1.9074069295348197
rth,high,0.85,-0.06320307285228377,0.4426788218422473,0.46125016266398666,0.49167586169514466,0.4066211421385216,0.0,-0.2123304833284148,0.1857333130701705,0.0,0.0,0.03123693532621624,1.1629048536562987,-0.15287110624363673,0.4241546226977969,0.4431484706451615,0.4293451451227292,0.34940815210747844,0.0,-0.4815690817405069,-0.025832354765911465,0.0,0.0,-0.006851928338290946,0.6524894902785076,0.016123617033786893,0.459457771656243,0.47429738704174007,0.5717324840824353,0.477948524654303,0.0031480272102534356,0.028461477005984462,0.3878672751490284,0.0656611577875414,0.11039719026734204,0.07544366556578766,1.94850975433526
rth,high,0.9,-0.07351965746640184,0.44301530790520327,0.4586136786045353,0.4912856104679757,0.4205413223802634,0.0,-0.19863438573136855,0.2030827729393631,0.0,0.0,0.019481609257172378,1.1355143889749544,-0.15351885161425283,0.425287383709701,0.44064603222495097,0.4226167048441594,0.3572537062577338,0.0,-0.46532321541779875,-0.022700614121472076,0.0,0.0,-0.016542251433544437,0.7643392943556838,0.005541026219289462,0.45932200380128163,0.4738132693341696,0.5637400513582429,0.48140636121956637,0.003547458354317538,0.016860309795835245,0.379672482624174,0.06958410494646886,0.11205589164884672,0.06359661041784422,2.0111442276814384
rth,high,0.95,-0.04959457649761946,0.44731458519882206,0.45595868001710815,0.48094721041215993,0.42502745771234035,0.0002448359698033281,-0.11953323331693093,0.12363461087695121,0.0,0.0,0.01554200836859267,1.1516088849946382,-0.12428712499248187,0.42758341826072327,0.4392814581512552,0.415452604471112,0.3675478290546878,0.0,-0.3631021626587768,-0.08279136013867303,0.0,0.0,-0.02566699085088544,0.7392264617607825,0.021261625083817445,0.46185553846457517,0.46897079855445906,0.5583473845418386,0.48491997937463205,0.004531114731775062,0.10449831948494369,0.3056687329051564,0.06171918754720424,0.12203510230491776,0.05315066665027945,1.9175352239884393
rth,low,-1.0,0.09373730687591322,0.46578026083505686,0.434849264484817,0.3892247278144817,0.489550385269403,0.001441979414636803,0.24586074718592324,-0.26438158431813963,0.030941674371739922,0.0,-0.012744420389213433,1.3124787487249234,0.02336281223189256,0.45028713501982515,0.41658150792388005,0.33184597346281497,0.4145929129865707,0.0,0.11230161194123395,-0.44124834244502154,0.0,0.0,-0.053655746303926256,0.8594436416184972,0.17615316006671658,0.47893413390247663,0.45115006787565304,0.44809259600225276,0.5566116468336361,0.010270603665386048,0.4076785797881015,-0.08483295523910189,0.133408328920582,0.03253497659239693,0.020348431964531524,2.0690028901734108
rth,low,-0.95,0.08823982888004439,0.4621901446022865,0.43652903248229813,0.39460415052527936,0.4845957089298732,0.0017126867963624638,0.20498764884794723,-0.22613685860525776,0.026884714980802173,0.0,-0.002686405645533105,1.5273663294797688,0.01449062013198836,0.44716025492358924,0.4183684641380918,0.3245856214584546,0.41902071825731246,0.0,0.029968383537892794,-0.4699228079152156,0.0,0.0,-0.04229474827832605,0.9113981213872833,0.17757837141132077,0.4775510630251584,0.4533594220820354,0.4554940214209885,0.5628399498147688,0.01215617230635859,0.3979056097527597,-0.02404007363318066,0.14822317843924954,0.0392394437843182,0.03547830557737864,2.561854872006606
rth,low,-0.9,0.0697950069167757,0.4600593897248171,0.4419332304380395,0.39072248302910534,0.4804392091020366,0.0023113399957600225,0.15892298602580132,-0.1701605530611625,0.015515984588149536,0.0,0.0004988673364535434,1.4849579611140307,-0.013632002797545052,0.44653257934247303,0.42162527614162776,0.337843343023447,0.40876854987362543,0.0,-0.027296527474501935,-0.4117631828251519,0.0,0.0,-0.03370773117624336,0.9505057803468209,0.16129978271803508,0.47397013843050784,0.4580394358981886,0.4652306919462033,0.5485213835620467,0.010692113418973807,0.3311134286788733,0.014281289794469715,0.1397966374688997,0.04691259636696643,0.044797163516416286,2.542848722239124
rth,low,-0.85,0.06509667711392059,0.4578854638334025,0.4410583692381326,0.40003332928100443,0.48039339106374856,0.002263096926963408,0.11987180310507148,-0.12096475365965394,0.031598201613054336,0.0,0.005822958757952154,1.4666597853014038,-0.02186463335080967,0.44292543774744253,0.4230111483853416,0.3363571926831788,0.4081514705040361,0.0,-0.05841367616396432,-0.40951065510841234,0.0,0.0,-0.028295643487396955,0.9719531431959177,0.15371137813198438,0.4737616512269553,0.4601305872166455,0.4679455372519079,0.5506092209140928,0.0109365922830718,0.32590669069488576,0.07583772032133482,0.140052075984396,0.04735459282262891,0.05001712354361407,2.485241456520358
rth,low,-0.8,0.05877505786128946,0.46023523155151347,0.44352308220197995,0.40932550709574134,0.4716391089877584,0.0018995975740611004,0.13729879035237977,-0.13611428548903765,0.0272693487375486,0.0,0.013442800834653454,1.4304552023121389,-0.023987856452487043,0.444907103173096,0.4225871638854245,0.34626206344614585,0.4054652450464951,0.0,-0.043515785796085164,-0.3965036617182881,0.0,0.0,-0.02465789049699709,0.9604527938342967,0.15056252235236636,0.47387724915019014,0.46071471809629594,0.48516895785007214,0.5410430927168338,0.011965129054659403,0.3366204577464172,0.056155639610940646,0.13473345438069956,0.040817408497111254,0.06041810220977608,2.4553709055876687
rth,low,-0.75,0.04854418802890126,0.4584688957325195,0.445002206127568,0.42424414702328084,0.4627869294788738,0.0017450241674672592,0.12482119240509001,-0.1280843731004001,0.009686102731028386,0.0,0.020399842386641637,1.4585522858644246,-0.03139184662088741,0.44305281021536236,0.42654536607041554,0.344301425852188,0.4002105790595609,0.0,-0.08676921867421361,-0.4181922943810472,0.0,0.0,-0.02169756951850002,0.9742292870905588,0.14429932764788558,0.4723887469731066,0.4598140702164588,0.4854936146573184,0.5350725616977835,0.010802263062969207,0.3364473248939925,0.08060249272979861,0.1363254692918294,0.0282914232419216,0.06236107931986072,2.462201950867052
rth,low,-0.7,0.047527071426679536,0.4580019545808951,0.4467323098157823,0.4165013970900912,0.46274394116689177,0.0022120653405902323,0.10154956912410157,-0.08701273615411441,0.006128201985537443,0.0,0.02293506975136322,1.4783914378612717,-0.04207647545495183,0.44210553457011215,0.42736278432340047,0.34851761384955326,0.39417563020552293,0.0,-0.08740615341233926,-0.338980281316173,0.0,0.0,-0.017431382348669165,0.9668451129795061,0.1343230024131287,0.4717160720360839,0.4615108669346347,0.4880222799941898,0.5258388367652298,0.010951352034746408,0.2918043353744553,0.10268837897139249,0.1399773285190709,0.039085678765799055,0.06854679108413347,2.4741412850155626
rth,low,-0.65,0.04186470071235477,0.4571263923521691,0.44791947366766316,0.41145554114105964,0.45875146333492145,0.0014274784591525604,0.07330941808041637,-0.0931128646725585,0.0,0.0,0.02550180188357143,1.5243441529568698,-0.03876221986728533,0.4409470250759018,0.42689813077168687,0.35267019390563636,0.3978002231958378,0.0,-0.10997312125642299,-0.3259604748226848,0.0,0.0,-0.013898716017780102,0.9769567724544242,0.12252220825799336,0.47281787962947164,0.4611728807286476,0.4809211283251575,0.5295947290438928,0.010973891581901063,0.3172760366721145,0.10311661023046616,0.13136120850110594,0.024513260059355356,0.0698810998242157,2.413422465122343
rth,low,-0.6,0.04148817781192494,0.4583189203802519,0.44525328635132616,0.42188993938041297,0.4648338759549572,0.0011599278867008194,0.09163677260052046,-0.08743382389171056,0.0,0.0,0.03057608149215558,1.5203757225433525,-0.03860863069116164,0.44310733684680387,0.42731054896624315,0.35072703739040323,0.39645592791561923,0.0,-0.08455844295093684,-0.33920186503078276,0.0,0.0,-0.013915697635435422,0.9565527800715662,0.12069333370666563,0.47005214739568923,0.45931363619837356,0.4951115615433384,0.5297636697205735,0.011802311175567258,0.3344894026483442,0.11392300709500791,0.12173711268832074,0.03074074530288739,0.07448546992413671,2.394191000597967
rth,low,-0.55,0.03761832763896167,0.45722342017083933,0.4446574700101381,0.42330285848395516,0.46416030646189527,0.001220610854319096,0.07603146235147781,-0.0782025856754252,0.0,0.0,0.03408564148423154,1.5114161849710983,-0.0400857404673049,0.4413122704133974,0.4279395861396846,0.35304642703256595,0.3982067474915833,0.0,-0.0744329935522621,-0.3093791263532846,0.0,0.0,-0.009640908895480312,0.952070771875623,0.12522830471549282,0.4708851129196426,0.4610961499972816,0.4854796684389799,0.5321974747101953,0.009589924279597994,0.27835060440702947,0.08982472019984547,0.13240720060470437,0.04943144457934839,0.07769553996440814,2.4325067093311312
rth,low,-0.5,0.04397275363650279,0.45619548587327335,0.44651353830926854,0.42097479066650695,0.46175995330162906,0.0014005467765627181,0.057135290197949176,-0.050714186439412466,0.0,0.0,0.03869272547914603,1.4850307866298065,-0.04188683910719919,0.4380361087151706,0.4276586468755508,0.3545122101559033,0.39327241849200034,0.0,-0.11684010682889319,-0.3165796528243677,0.0,0.0,-0.010718770051688954,0.937955890448665,0.12048068307597262,0.4704897654765149,0.4598881214211711,0.49289391648667275,0.5268936511383167,0.011598395071154965,0.2746492329023621,0.12171740222431318,0.13775570478602378,0.05272657595684089,0.08676653778519058,2.3996366031961918
rth,low,-0.45,0.030448239190425788,0.4551302570674706,0.4472905002619083,0.4331252408877423,0.46140420274099975,0.0010909389204754262,0.10127770583313017,-0.0767074652386411,0.0,0.0,0.04242722875234084,1.4860054761180408,-0.04744538673011687,0.4408918645998648,0.4272861218089608,0.37257676452448074,0.39210602401018385,0.0,-0.12286814247843776,-0.2932365022321347,0.0,0.0,-0.008211994560158,0.9104246949261401,0.12419664075299033,0.46876367554992643,0.46078517807091113,0.49525403958034886,0.5266655140274469,0.0104272700960517,0.26266638076130683,0.11875477945347912,0.15207224360295502,0.04478729136326328,0.09185195562525228,2.407205468512321
rth,low,-0.4,0.034208247174019456,0.45651169326496566,0.44663590061482383,0.42816270915945087,0.4558244682627512,0.0009900405610862792,0.05854206401622154,-0.053565199705764115,0.0,0.0,0.044208286660332885,1.4772398843930636,-0.047780424221914836,0.44037323963186875,0.4277789457435987,0.36034070441859917,0.39329933198089967,0.0,-0.10862017376358231,-0.3161576577161179,0.0,0.0,-0.005343049975159179,0.901206091596265,0.12048012009585243,0.47069685529731775,0.46207472645845554,0.4943688019520877,0.5318225132509331,0.012761285297206248,0.2657985147497096,0.12485127554212426,0.1284022349617814,0.04121192937105515,0.09335870298316977,2.4100533879254975
rth,low,-0.35,0.029575154552720903,0.4571860699945535,0.4453609359643892,0.42377887850823864,0.4599190942666646,0.0007718237956594819,0.09722235552994819,-0.09412476022327604,0.0,0.0,0.04849747414045244,1.4938182402055233,-0.04915863116981611,0.4416305566551035,0.42901945865969215,0.36085344719332174,0.389711529608493,0.0,-0.10194406543450713,-0.3523228984167007,0.0,0.0,-0.0005562082537585714,0.9589323650017292,0.1132098450971835,0.4712109199462814,0.4621263759340165,0.48666622349372124,0.5324500771276861,0.009267907910541918,0.2916175155374071,0.09463579716877496,0.12912452337545138,0.04899345137036139,0.09858469684460736,2.3520162400220204
rth,low,-0.3,0.024416551216750217,0.4574315429691955,0.44613411682679377,0.43476895064245796,0.4552448588300992,0.0011723945215434974,0.08661219788767764,-0.08978221588967378,0.0,0.0,0.05214996405266333,1.5036127167630058,-0.05637291153466931,0.44174093547262966,0.4258984812490729,0.3586434948059065,0.396585348317828,0.0,-0.09326908034181663,-0.2932867325235845,0.0,0.0,0.0027301707467512278,0.9306087427745665,0.10650655023237073,0.4702885748687547,0.46161570094228216,0.4904760192482205,0.520457302865225,0.009405424903537015,0.262990061355605,0.1024680867463024,0.11739497979124523,0.04561095448687457,0.10377104649822436,2.327384393063584
rth,low,-0.25,0.032124512686124006,0.4543999398227786,0.44622661098845856,0.4311004421472659,0.4561046875280951,0.0013772895373349414,0.072701451785336,-0.08617781845773977,0.0,0.0,0.05080169956376609,1.5742052023121387,-0.04539062682884669,0.43986156514893615,0.42836820725058966,0.3590410015127045,0.39154568141919843,0.0,-0.10557640487103352,-0.2819002454588496,0.0,0.0,0.006446981176358783,0.938826574303453,0.11345618050230528,0.4690119444420995,0.46081161857400743,0.501197372912135,0.5305719810216747,0.01109162525745129,0.26512086495739307,0.12632942453570134,0.12004031430160866,0.04328772329912581,0.10202917296762684,2.4048918861057587
rth,low,-0.2,0.0316407660166354,0.45809014485101607,0.4443804216221202,0.42840148988098675,0.46741193083938104,0.001260545702428187,0.10251250310140164,-0.12384020507859367,0.0,0.0,0.05738563343027513,1.4951089373054691,-0.03777186685759678,0.44120036887947256,0.42664476383594385,0.3526544753631126,0.3987548551939961,0.0,-0.0706672089953354,-0.34106190500861266,0.0,0.0,0.009839828495290743,0.9664499036608862,0.11952670164990942,0.47213121285955817,0.45832296081252666,0.5019613609965201,0.5322577106105904,0.011543072620008421,0.2928015467373077,0.07519173147765203,0.1222245149177876,0.04602358127262187,0.11100768753658079,2.399498995083383
rth,low,-0.15,0.05731540522318392,0.4597239055817406,0.4419720613723542,0.41995338098350427,0.47035984207445264,0.0017430306201239656,0.14371169305706807,-0.14466987784733462,0.007341521953974304,0.0,0.06332103437653905,1.5733381502890171,-0.01917156946782595,0.44352116553687054,0.42417784993678326,0.3469890624594364,0.4088263822579293,0.0,-0.009758831027900816,-0.3716784667550211,0.0,0.0,0.015885954917081488,0.9716736244915436,0.13810419557354098,0.4711211558268156,0.4558223770612774,0.4956633440586441,0.5397108676732896,0.01147004856026354,0.3006498025466477,0.022796272580591234,0.1242971070325357,0.04904785248451553,0.11957147747890542,2.3739333883842555
rth,low,-0.1,0.07935863911421107,0.46154434917252785,0.4365643526268902,0.40132144997805064,0.4962153456482799,0.0023444219495033012,0.20020692418387817,-0.23304258876037431,0.03605422364277029,0.0,0.07324273940836798,1.636484636446608,-0.000712602201143334,0.4462146195462945,0.41786655663050065,0.33796159012470717,0.42573748450663584,0.0,0.03817275388402022,-0.4117824555918562,0.0,0.0,0.02245200960129827,1.0522880539499035,0.1715968743572154,0.47357777220473785,0.45070464656390496,0.4704948427672735,0.5613716790617083,0.01229330941420643,0.36218744940870873,-0.04953167643927162,0.15875062763786335,0.03466100070578554,0.12988323478906372,2.5615366088631983
rth,low,-0.05,0.11420797994033473,0.4636501993784776,0.4284764511481361,0.38225658926245626,0.5061796996583022,0.002901278187174867,0.25647133296014796,-0.29633658145997677,0.06648885130641932,0.0,0.08543629398994192,1.76089373054691,0.03694143494927972,0.4485771000032846,0.40692719689630874,0.32157214448472815,0.4396730913222678,0.0,0.11936775537180222,-0.5387018156158396,0.0,0.0,0.03289430296013947,1.1165903982016698,0.19189739335126585,0.4771565621341467,0.44414482998351223,0.44287037598213985,0.5743040094271471,0.016424861355254915,0.43059922475967843,-0.13460170898480606,0.1722731150094574,0.03258503681446227,0.14006148974144633,2.815513334209143
rth,low,0.0,0.061096705394088416,0.4423892980106977,0.4410103000580888,0.40696153897993104,0.4561185816285667,0.004462055903403444,-0.02264300154036902,0.004801579519532458,0.11399526051829248,0.0,0.08326332631964348,2.179488269296158,-0.0199683574655298,0.4240412742066947,0.4250074701979831,0.3484287536478102,0.3972720751154764,7.465333643784822e-05,-0.15099071512434736,-0.1733197890474238,0.0,0.0,0.031744144918193225,1.550698458574181,0.1473446260321536,0.45751834636331024,0.45404523837680405,0.46512237373280385,0.518857547708573,0.020812788477036888,0.11871132219735231,0.12640239289983385,0.20953762585253002,0.0816815691811148,0.13567964943050662,3.2819660044987313
rth,low,0.05,-0.04519107575996168,0.43886953851149657,0.4623247707058604,0.480687407061154,0.4140049488569254,0.0012397280358101977,-0.21135873818134285,0.20113068106524146,0.0,0.0,0.07336154243727896,1.8853126642143985,-0.11456514283045233,0.4216224334642556,0.44573318870461265,0.4182258375908001,0.365505852224691,0.0,-0.4247928267719726,0.03759576992940579,0.0,0.0,0.032298244083085806,1.253703034682081,0.0208925821898333,0.45248064425718715,0.4729847940416112,0.5514152900830542,0.47195530870594393,0.01184796785552611,-0.03125522285212134,0.3914661879377991,0.09823809995122262,0.10805599609555872,0.13164148344622123,2.7177360572953058
rth,low,0.1,-0.06333908806763663,0.4425076271026215,0.46192035076942456,0.4849162398321037,0.4167896192065391,0.0007731778764357501,-0.19453046144728345,0.17084141169469322,0.0,0.0,0.07260768020155285,1.550663039782387,-0.13286856334758906,0.42651218133127017,0.445790679753977,0.4214312874764665,0.3549990961112088,0.0,-0.4341829583909845,-0.007730656522280351,0.0,0.0,0.024559135432853665,1.0523964046538445,0.018797307539636363,0.45697687784413366,0.47362244555897015,0.5545225076103781,0.47696248477981795,0.007353663352491062,0.020084774613446432,0.36607519918527576,0.07119269557800627,0.10633573212668002,0.12673385176564705,2.372350674373796
rth,low,0.15,-0.05833996953757579,0.44737166145334056,0.4586418925078836,0.4764674831044267,0.4240510961747258,0.00026972260283444265,-0.1484627792416757,0.1295472043656857,0.0,0.0,0.068433046722735,1.379913294797688,-0.1385714246550123,0.42870185950741196,0.4418140686926396,0.40637281778795875,0.35274224450440383,0.0,-0.4127527269309537,-0.03604779211696654,0.0,0.0,0.02097668314976412,0.9701564680087702,0.006604414465043752,0.46100477937767065,0.47348576547639953,0.5463876087509979,0.47655670145101403,0.005142010275210201,0.05086744709070207,0.33217152937697625,0.053715362724428825,0.10159552192705588,0.12049412764651404,2.123230198871456
rth,low,0.2,-0.05296957433820953,0.4484072978857283,0.4596504783920366,0.4775597431444144,0.4145910082689855,0.0002591527231602562,-0.12688252328276992,0.14414561770627907,0.0,0.0,0.06531636626262247,1.328757225433526,-0.13234716913642477,0.4281274832757457,0.4442040310735228,0.4099343146825099,0.3621179240431973,0.0,-0.37891610539832055,-0.06329970277883651,0.0,0.0,0.01804472933219736,0.9217132488176563,0.020522153478342582,0.4619429512723538,0.4722770762347619,0.5417046391273188,0.48548831624746347,0.003626060779122948,0.07458066026181323,0.3085792801788491,0.03598972828440645,0.1032353675410975,0.11438763139217659,1.970677490649439
rth,low,0.25,-0.05014196914614547,0.44927962509930724,0.4583619623266926,0.469203202311693,0.42614534956124245,0.0,-0.1271468686523451,0.10985943931226066,0.0,0.0,0.05973617880144473,1.2676189417518897,-0.12765074387243433,0.43009119938319057,0.44262630767195577,0.4021018756140854,0.3624307121103361,0.0,-0.37009793015383713,-0.08328405381330758,0.0,0.0,0.01651825131916071,0.8878887971373521,0.026793991356514515,0.4641640703432842,0.47306288326034196,0.5354166110192156,0.4863194026794496,0.0044678350120374525,0.09957988868169948,0.2971110870776192,0.05322617266358628,0.09518486366068617,0.10918494845259542,1.9881784952551698
rth,low,0.3,-0.04213010729004413,0.4514031923927764,0.456606405061779,0.4643041990661847,0.4138942706127261,0.00027278336048798264,-0.08798575901303275,0.08603363478415355,0.0,0.0,0.0523875276004263,1.2515655105973025,-0.11684350082272055,0.4312854540472736,0.44311086545143347,0.39837845464897204,0.34473389832895895,0.0,-0.34879371047701146,-0.08594332005616223,0.0,0.0,0.013808557135274362,0.8499165337851307,0.03340861460979953,0.464683910773103,0.47277885539222886,0.5324783523342341,0.48574833939384243,0.00437587266652464,0.08479175429731071,0.3107396963881681,0.04549586401236251,0.09031444036122117,0.10281228760555179,2.0135353717813977
rth,low,0.35,-0.028257979553308273,0.45098602270131577,0.4580646192410438,0.4631101188445766,0.418781589505425,0.00029568080087534905,-0.06885395890772933,0.07424594126862667,0.0,0.0,0.05108150257939483,1.2289086154693092,-0.11048414823038627,0.43485200683195424,0.4406249174656375,0.4004193487093228,0.353512305653534,0.0,-0.30500550656976677,-0.13079423346626434,0.0,0.0,0.009269836155127055,0.8283636973575558,0.0451994109230108,0.4658294903568706,0.4712300968113958,0.5258280406273261,0.4884711492929046,0.005703988639512216,0.13897487563350064,0.29121449222817986,0.07194091120314322,0.08528366894583048,0.1029064090244548,1.8662555050922103
rth,low,0.4,-0.031097979699388562,0.45174041573631946,0.45852624909638406,0.4663382591952675,0.4269527693021393,0.00011799446992289635,-0.08210531484810892,0.07229104302673284,0.0,0.0,0.04616741604246491,1.1694781013783904,-0.09894176857084416,0.43402525276674675,0.44105422997308197,0.40233334387497555,0.35680561725027304,0.0,-0.2829977242920229,-0.14477920919566356,0.0,0.0,0.005920853261554823,0.7944199947451394,0.05326540103545421,0.4671208779813302,0.47140255466893394,0.5304356971130397,0.48134012570490675,0.0050276860651591124,0.14245714064802756,0.27262014265599943,0.05341702567692465,0.08483263985599036,0.10399128336676638,1.8897832369942198
rth,low,0.45,-0.030614060050313134,0.4513436721139403,0.4604837936364111,0.4656476450826075,0.4161545753444616,0.0005469223104903355,-0.11284927849012254,0.11632598870001676,0.0,0.0,0.04562065417980354,1.1738439306358381,-0.12756394400945817,0.43091629109672724,0.44271830615094004,0.4122568564069633,0.3576321626842085,0.0,-0.36658793664546785,-0.13537907919249498,0.0,0.0,0.0017448879720703366,0.7947396263418662,0.043862852682849125,0.4636846437754824,0.47399044003779006,0.532436260476618,0.4812418104629842,0.004360959523633452,0.1124376429889438,0.3153989713479953,0.048547279642918245,0.07377781727111907,0.09813635486169905,1.8171315028901733
rth,low,0.5,-0.040670628755107394,0.4475548702994471,0.45871951211489487,0.4715362246980297,0.41347344689090426,0.0001683147485798443,-0.11466018872806982,0.1029356012692504,0.0,0.0,0.04290626284524248,1.1814486994219653,-0.11935457689600082,0.42786201016962,0.44365519914910834,0.40319936212590735,0.35021205993612103,0.0,-0.3529012798370051,-0.0818618488609309,0.0,0.0,0.0004332942021392822,0.8171647315433441,0.039163117876125045,0.4622460353901934,0.4749835893326676,0.5379018458587607,0.4787685154222612,0.003502089667736793,0.07845174749341355,0.3085748949347995,0.03400851414446581,0.08752539593027626,0.09467707298754788,1.8017622029543996
rth,low,0.55,-0.038012825609724896,0.44715359301351687,0.4601917380538737,0.47109660239743345,0.4105038846398167,0.0,-0.14623462400204193,0.1367786516774167,0.0,0.0,0.0400233408757534,1.193481053307643,-0.12271109948680439,0.42979469757218397,0.4444479332372473,0.4033677774830811,0.35215437632783697,0.0,-0.4127161279477925,-0.08246199613096751,0.0,0.0,-0.004039546712344281,0.7829932350886109,0.03714139096299528,0.4612746295465227,0.4742104135781456,0.5543409114918216,0.4757227213174128,0.004091339197304455,0.07041399072264914,0.3395460539757667,0.034754540119988506,0.1064645334013067,0.08739461654527554,1.852295464650956
rth,low,0.6,-0.0487041003568118,0.4475915604289467,0.45974063525227316,0.46976840704282824,0.4157762330504938,0.00019305019305019305,-0.13561199386078668,0.1393900987662703,0.0,0.0,0.03694108701065441,1.214373054690974,-0.12543551753289794,0.4305882141709503,0.44108098494166004,0.4041487771556369,0.3494759748665929,0.0,-0.37325730608156915,-0.08334994450484107,0.0,0.0,-0.009814537879946076,0.7792751493661048,0.022408535098363887,0.4615865708812491,0.4739197888579624,0.5469522846823661,0.48280827810076177,0.004378838744734534,0.0853865521283762,0.3265614083362292,0.05102348549307026,0.10010415527581538,0.08037479112393967,1.7940333975594092
rth,low,0.65,-0.0585416910790024,0.4442045733053905,0.46011869386068993,0.480377423302297,0.3976786986047323,0.0,-0.15039375049765027,0.1548617382080475,0.0,0.0,0.03092963568041128,1.288442590646348,-0.14615352302893153,0.42408875639326826,0.4434845272073275,0.401156768437608,0.3385770831830546,0.0,-0.448163748764768,-0.04583700454654731,0.0,0.0,-0.014295778842966095,0.7761564023334487,0.027619639135179383,0.46136762295944356,0.47487668737364097,0.5488126067068095,0.4646300667689136,0.004497864653059336,0.05220713432977747,0.3686620511562294,0.0871001865470756,0.14331380001265734,0.07485410244347171,1.9432689038265374
rth,low,0.7,-0.0625972740008661,0.4448711676049736,0.4601942831796731,0.488394123032499,0.4031524146283972,0.0,-0.18285954829245585,0.16532108550701166,0.0,0.0,0.0183909679740559,1.2613800578034682,-0.13800204602338317,0.421415201620847,0.4431409572479127,0.4097275089752455,0.3400094365935157,0.0,-0.41652389610053175,-0.014285478649377095,0.0,0.0,-0.019319555480215883,0.7659062758051197,0.01804176660996682,0.45827050750468656,0.4758152691360427,0.5535346743339105,0.46916568234344813,0.004360100847794202,0.03315325041898448,0.33252909719914536,0.053521401696818335,0.14015363636414907,0.06796738517744727,2.0079580122029546
rth,low,0.75,-0.06639371393199574,0.4433922388784906,0.4597079299384021,0.47901775024687593,0.40550340819524006,9.966864496444335e-05,-0.16823593755909544,0.1408063994178969,0.0,0.002082115721800117,0.013032657950706468,1.2936536608863198,-0.14192783982469706,0.4234176309468117,0.4428156635893027,0.41132869492778007,0.33817881041134557,0.0,-0.37922062207795293,-0.01449738863858183,0.0,0.0,-0.026214890561369057,0.8093227446325351,0.018641791895811333,0.45927479321373055,0.4748513630591236,0.5529194137848767,0.4650632477942346,0.0038439613285160433,0.02084702055441786,0.32438342995863123,0.061560148371898625,0.12170769909568928,0.057316823596926116,1.956860495667795
rth,low,0.8,-0.07147331457842958,0.44092266192740065,0.462499424463359,0.4870932908364909,0.39750205307780606,0.0,-0.20821296237804146,0.1935212832207734,0.0,0.019314746388982194,0.0057575802167139385,1.2388407193320488,-0.15658859811427073,0.42188336992751985,0.44490706632246146,0.4185033851746758,0.3348398159044007,0.0,-0.4421660344594648,-0.001756082735725216,0.0,0.0,-0.03017880607166887,0.7988211134773351,0.005734327603251727,0.4584259627644387,0.47644508932828145,0.5683122802016795,0.4539153666692036,0.004040640022132039,0.008957706855757749,0.3495932331628372,0.04273593044910461,0.12916086627743226,0.05050175483568193,1.9846546381725212
rth,low,0.85,-0.07827220477704167,0.4401883218325265,0.46213146105295627,0.4852459671961161,0.39513356829250773,0.0,-0.21971887862452133,0.1942070357649322,0.0,0.02592996486126257,-0.004965735500372518,1.2917698871456098,-0.1590096645103232,0.4227859995935165,0.44610651564080994,0.41373583288261895,0.3383505223696755,0.0,-0.45294265847157567,0.0021520527129667353,0.0,0.0,-0.04252684568800084,0.8520099842354177,-0.0042687419628970715,0.4558505351879509,0.4737190019679811,0.5574023092716509,0.4551362867127534,0.003990146040213386,-0.013586928409064784,0.3498639042775448,0.03945219529983177,0.1335163663067743,0.040149628513403327,2.0180923002816065
rth,low,0.9,-0.07260251644970292,0.4438270725452106,0.4572688378259332,0.48436906342411634,0.4060790439240411,0.0,-0.13569591827649413,0.13409533421864367,0.0,0.01959999301581128,-0.009299031397639736,1.311439492821182,-0.15589519811819774,0.4241250145629365,0.4413423275877637,0.41861384564730486,0.33576367063208495,0.0,-0.4229347331685371,-0.04412861948074764,0.0,0.0,-0.04888889553088114,0.8371290017785682,0.009244525176899075,0.45903521947898573,0.4725013694233522,0.5578271749310079,0.476505443548391,0.0038216944386187893,0.04229284414192904,0.33064698734729825,0.04181943709292779,0.13070774666462712,0.03126825042258968,1.9772317390104415
rth,low,0.95,-0.05058668348279097,0.4443539901184589,0.4544491204465436,0.4769486314873649,0.40359963451359815,0.0,-0.11389427446312882,0.09716419458402976,0.0,0.007700447823629047,-0.015082505389634585,1.2109310487200662,-0.13824514353666206,0.42645057264453967,0.4385053416558623,0.4115012697189398,0.3397883840888991,0.0,-0.3202635058798414,-0.09667197092514493,0.0,0.0,-0.0554531287070693,0.802144229506043,0.01750994458231047,0.460525827230361,0.4683040002375838,0.5439894065618556,0.4792516299222601,0.003032338278257928,0.10181427932512296,0.24883166458607886,0.046168051708217916,0.1205550361310114,0.024626092701373975,1.8269253927671558
