event_id,pre_partial,pre_buy,pre_sell,pre_trades,touch_delay,resting_def_t0,resting_def_1,resting_def_3,bids_t0,asks_t0,att_vol_1,counter_vol_1,buy_1,sell_1,trades_1,added_def_1,cancelled_def_1,filled_def_1,replenished_1,large_att_1,max_price_1,min_price_1,att_vol_3,counter_vol_3,buy_3,sell_3,trades_3,added_def_3,cancelled_def_3,filled_def_3,replenished_3,large_att_3,max_price_3,min_price_3
20250207_1236_6108.5_6108.5_-1_0,0,202,114,149,29.688,939,786,691,365,358,71,86,195,86,143,455,537,71,233,0,6106.5,6105,285,185,409,185,254,1037,1001,284,456,3,6107.5,6105
20250207_1239_6110.2102_6110.2102_-1_1,0,507,222,311,13.321,1038,985,1027,314,411,9,70,160,70,89,152,196,9,21,0,6108,6106.5,9,148,216,148,166,433,435,9,21,0,6108,6106.5
20250207_191_6108.5_6108.5_-1_0,0,507,470,426,9.57,1072,1046,1064,376,465,85,138,222,138,133,658,598,86,168,1,6106.75,6105.25,85,244,296,244,230,866,788,86,168,1,6106.75,6104.75
20250207_410_6110.2102_6110.2102_-1_1,0,272,256,194,55.307,1191,1146,916,398,537,16,27,99,27,59,80,109,16,2,0,6108,6107.25,420,271,553,271,313,1167,1030,412,423,5,6109.5,6107.25
20250207_412_6110.9602_6110.9602_-1_1,0,287,204,200,9.528,1139,1027,1028,394,608,260,190,419,190,216,675,537,250,323,3,6109.5,6107.5,260,236,486,236,267,740,601,250,323,3,6109.5,6107.5
20250207_510_6085.7102_6089.4602_1_1,0,942,859,701,18.001,268,980,1076,9,16,1099,4387,4387,4688,4708,8338,6580,1046,2807,3,6114.75,6087.5,1433,8380,8380,9112,8239,31011,28917,1286,3260,5,6114.75,6087.5
20250207_510_6090.0_6090.0_1_0,0,942,859,701,18.001,112,361,338,9,16,1258,4387,4387,4688,4708,7302,5848,1205,3220,3,6114.75,6087.5,1797,8380,8380,9112,8239,12256,10379,1651,3933,6,6114.75,6087.5
20250207_520_6110.2102_6110.2102_-1_1,0,5313,4295,3918,38.361,1191,959,637,400,420,82,1347,2320,1347,1305,5782,5931,83,343,0,6108.25,6100.25,1467,3590,4270,3590,2874,12753,11844,1463,3394,9,6112,6100.25
20250207_521_6110.9602_6110.9602_-1_1,0,6964,4840,4578,10.791,977,752,661,393,386,206,1377,1025,1377,912,1263,1286,202,227,1,6109.5,6106.25,1724,3268,2683,3268,2213,8108,6711,1713,3204,11,6112,6106.25
20250207_588_6123.25_6127.0_-1_0,0,8013,8101,5653,55.263,3431,3537,3678,828,888,200,1223,1383,1223,759,6615,6309,200,411,2,6121,6118.75,1818,4387,4627,4387,2784,25706,23626,1833,5390,16,6122,6118.75
20250207_593_6124.7102_6124.7102_-1_1,0,7763,7081,4622,12.412,2322,1916,2360,847,880,1050,1220,1719,1220,874,5340,4712,1034,2762,4,6123,6121.25,1341,4284,4559,4284,2784,13164,11797,1329,4138,6,6123.25,6119.25
20250207_600_6098.75_6100.75_1_0,0,7063,7617,4772,5.109,938,1486,164,176,260,3445,8593,8593,10221,7760,18160,14213,3399,7222,10,6120.5,6092.75,8919,18152,18152,20540,15796,43099,35082,8791,22769,29,6120.5,6092.75
20250207_600_6099.5_6099.5_1_0,0,7063,7617,4772,5.416,697,954,63,176,260,2589,8593,8593,10221,7760,13121,10324,2540,5425,8,6120.5,6092.75,5098,18152,18152,20540,15796,25964,21586,5012,12339,16,6120.5,6092.75
20250207_600_6102.5_6102.5_1_0,0,7063,7617,4772,5.053,685,802,0,176,260,2916,8593,8593,10221,7760,11255,8209,2929,6741,11,6120.5,6092.75,7065,18152,18152,20540,15796,27673,21348,7010,18278,25,6120.5,6092.75
20250207_600_6108.5_6108.5_1_0,0,7063,7617,4772,0.045,843,9,0,176,260,2305,8593,8593,10221,7760,4875,3518,2191,3960,8,6120.5,6092.75,2511,18152,18152,20540,15796,5335,3781,2397,4397,8,6120.5,6092.75
20250207_600_6102.4602_6105.7102_1_1,0,7063,7617,4772,0.802,1214,1208,0,176,260,5333,8593,8593,10221,7760,18260,13026,5240,12159,18,6120.5,6092.75,10067,18152,18152,20540,15796,35901,27212,9903,24677,33,6120.5,6092.75
20250207_600_6095.4602_6099.9602_1_1,0,7063,7617,4772,5.188,1336,2143,876,176,260,4511,8593,8593,10221,7760,29876,24602,4467,9248,11,6120.5,6092.75,11678,18152,18152,20540,15796,78845,67841,11464,29895,39,6120.5,6092.75
20250207_603_6090.0_6090.0_1_0,0,20163,22263,17092,45.938,1621,1456,772,381,392,257,4323,4323,5039,4025,12069,11981,253,848,2,6101.5,6091.75,6548,14455,14455,16434,12736,38086,32505,6430,20344,40,6101.5,6084.75
20250207_603_6085.7102_6089.4602_1_1,0,20163,22263,17092,48.562,2317,2539,2136,381,392,24,4323,4323,5039,4025,14750,14502,26,72,0,6101.5,6091.75,9979,14455,14455,16434,12736,65419,55843,9757,32221,50,6101.5,6084.75
20250207_604_6087.5_6087.5_1_0,0,23187,26125,20290,18.22,1483,791,1433,398,458,3870,5268,5268,6445,4705,20141,17013,3820,12626,23,6096.5,6085.75,7809,14595,14595,15522,12244,50523,42882,7691,27749,38,6097.75,6084.75
20250207_613_6077.2102_6077.2102_1_1,0,16010,17544,13816,32.944,1735,1609,1870,605,595,1137,4206,4206,5156,3417,13133,12218,1041,3558,6,6085,6078.75,1137,12359,12359,12269,9078,54863,53684,1044,3558,6,6086.25,6078.75
20250207_624_6095.4602_6099.9602_-1_1,0,11556,11516,9562,1.73,2819,3075,3216,519,610,1149,1891,1823,1891,1639,20648,19232,1160,5171,4,6094.25,6092,1185,5253,5193,5253,4487,53983,52380,1206,5327,4,6094.25,6089
20250207_637_6098.75_6100.75_-1_0,0,8189,7658,6936,31.354,2317,2471,2417,408,753,119,2000,2557,2000,1689,11253,10977,122,448,0,6096.75,6092.25,131,5860,5688,5860,4803,26470,26232,138,531,0,6096.75,6087
20250207_653_6064.9602_6064.9602_1_1,0,6498,5566,4954,32.436,785,0,969,572,666,3041,12802,12802,16667,11326,20677,18381,3081,7460,12,6095.25,6060.75,5247,29648,29648,32561,25120,31008,25512,5312,13287,16,6095.25,6052.5
20250207_653_6061.9602_6061.9602_1_1,0,6498,5566,4954,42.667,756,350,1065,572,666,2938,12802,12802,16667,11326,23622,21098,2930,7015,7,6095.25,6060.75,7650,29648,29648,32561,25120,41405,33497,7599,18794,19,6095.25,6052.5
20250207_653_6070.9602_6070.9602_1_1,0,6498,5566,4954,24.369,845,0,23,572,666,2613,12802,12802,16667,11326,10783,9504,2124,4309,14,6095.25,6060.75,4670,29648,29648,32561,25120,18608,15258,4172,9776,21,6095.25,6052.5
20250207_653_6061.2102_6063.2102_1_1,0,6498,5566,4954,33.338,1008,493,1575,572,666,3114,12802,12802,16667,11326,28277,25685,3107,7425,7,6095.25,6060.75,8698,29648,29648,32561,25120,51136,41906,8663,21518,20,6095.25,6052.5
20250207_653_6078.75_6078.75_1_0,0,6498,5566,4954,18.956,1027,0,0,572,666,2624,12802,12802,16667,11326,6524,5024,2527,3982,16,6095.25,6060.75,2624,29648,29648,32561,25120,6524,5024,2527,3982,16,6095.25,6052.5
20250207_653_6070.0_6070.0_1_0,0,6498,5566,4954,25.25,805,0,165,572,666,2480,12802,12802,16667,11326,10121,8924,2002,3486,18,6095.25,6060.75,4783,29648,29648,32561,25120,19249,15576,4313,9507,22,6095.25,6052.5
20250207_653_6077.2102_6077.2102_1_1,0,6498,5566,4954,19.224,1073,0,0,572,666,3309,12802,12802,16667,11326,9577,7346,3304,6002,18,6095.25,6060.75,3751,29648,29648,32561,25120,10783,8113,3743,7105,19,6095.25,6052.5
20250207_654_6052.4602_6052.4602_1_1,0,17724,20828,15153,34.12,1377,916,780,350,282,2039,8441,8441,8224,7039,30536,29023,1974,5212,7,6063.75,6052.5,2039,21258,21258,20168,17703,34982,33604,1975,5212,7,6076,6052.5
20250207_654_6047.25_6054.0_1_0,0,17724,20828,15153,32.949,2561,2460,1948,350,282,3065,8441,8441,8224,7039,42266,39364,3003,7351,9,6063.75,6052.5,3065,21258,21258,20168,17703,60654,58263,3004,7351,9,6076,6052.5
20250207_655_6077.2102_6077.2102_-1_1,0,25153,28008,21270,42.891,469,1403,1366,205,317,664,7670,8405,7670,6755,13710,12152,624,1487,7,6076,6056.75,664,14665,15820,14665,13359,45763,44230,636,1487,7,6076,6056.75
20250207_660_6078.75_6078.75_-1_0,0,21588,19494,18493,0.126,1037,1440,839,261,442,72,3865,3483,3865,3249,13900,13424,73,158,0,6076.75,6066.25,72,9540,8706,9540,8207,18752,18877,73,158,0,6076.75,6061.5
20250207_666_6047.25_6054.0_1_0,0,13417,13680,12559,8.842,2823,2129,1956,403,356,29,3663,3663,2671,2925,9704,10367,31,93,0,6070.25,6056.25,29,9059,9059,8093,7639,9857,10692,32,93,0,6077.75,6056.25
20250207_667_6077.2102_6077.2102_-1_1,0,14401,13015,12929,47.687,1441,1069,766,344,444,243,2943,2729,2943,2493,4504,4646,230,478,2,6075.5,6069,2938,6944,7192,6944,6198,18696,16505,2866,8680,17,6077.75,6069
20250207_668_6078.75_6078.75_-1_0,0,14586,13619,13019,15.692,1254,1183,1530,362,369,686,2479,2667,2479,2221,5574,4959,686,1919,5,6077.75,6072,988,6961,7138,6961,6218,15337,14061,1000,2730,9,6077.75,6067
20250207_679_6087.5_6087.5_-1_0,0,9610,8749,8276,41.26,767,1267,1511,460,529,952,7243,8423,7243,5958,12362,10926,936,2728,3,6086.5,6074.5,1225,14020,15272,14020,11868,33825,31872,1209,3347,7,6086.5,6074.5
20250207_679_6085.7102_6085.7102_-1_1,0,9610,8749,8276,40.813,923,1496,1539,460,529,2367,7243,8423,7243,5958,15199,12273,2353,6401,15,6086.5,6074.5,4813,14020,15272,14020,11868,42556,37144,4796,13440,33,6086.5,6074.5
20250207_679_6085.7102_6089.4602_-1_1,0,9610,8749,8276,40.813,1464,2204,2321,460,529,2367,7243,8423,7243,5958,20669,17576,2353,6401,15,6086.5,6074.5,4813,14020,15272,14020,11868,61138,55485,4796,13440,33,6086.5,6074.5
20250207_686_6061.2102_6063.2102_1_1,0,9538,10101,8340,32.351,1847,1496,945,522,360,434,2255,2255,3142,1994,11081,11015,417,920,2,6072,6065,3590,6253,6253,7187,5109,28921,26359,3464,10850,16,6072,6062.75
20250207_686_6064.9602_6064.9602_1_1,0,9538,10101,8340,28.041,1679,857,34,522,360,1822,2255,2255,3142,1994,11079,10112,1789,4399,12,6072,6065,5795,6253,6253,7187,5109,31073,27075,5643,16823,29,6072,6062.75
20250207_687_6061.9602_6061.9602_1_1,0,9332,10557,8095,52.541,1075,928,316,474,422,321,2057,2057,2274,1678,2040,1890,297,752,0,6068,6063.5,3795,6445,6445,6465,5020,21344,18267,3836,12861,9,6068,6060
20250207_706_6047.25_6054.0_1_0,0,7962,8984,6792,50.674,2783,3163,3371,510,431,496,2073,2073,4093,1904,8073,7244,449,1341,2,6063.75,6055.5,809,8877,8877,10217,7886,27381,26059,734,2503,3,6063.75,6055.5
20250207_712_6052.4602_6052.4602_1_1,0,11593,12903,10232,13.647,1345,2214,2332,639,553,808,2218,2218,2134,1417,5395,3717,809,2012,9,6056.75,6053.75,1435,5250,5250,4793,3712,11330,8933,1410,4449,12,6058,6053.75
20250207_720_6049.9602_6049.9602_1_1,0,15288,13252,10198,5.37,1499,1529,2035,459,358,438,3357,3357,4601,2851,5708,5234,444,876,2,6057.5,6051.25,438,7262,7262,7535,5381,10036,9056,444,876,2,6057.5,6051.25
20250207_729_6070.0_6070.0_-1_0,0,18944,19226,13462,0.758,1188,1440,1658,407,575,17,3069,2982,3069,2117,5079,4807,20,40,0,6067.75,6063.25,17,8121,7366,8121,6074,23284,22793,21,40,0,6067.75,6056.5
20250207_738_6049.9602_6049.9602_1_1,0,13820,14793,11580,3.607,1301,965,2686,443,287,4161,6544,6544,6227,4680,14832,11199,3969,9138,12,6057.25,6046.5,5482,12152,12152,11537,8991,24980,18308,5287,12768,16,6059,6046.5
20250207_738_6052.4602_6052.4602_1_1,0,13820,14793,11580,3.314,1030,473,2469,443,287,3110,6544,6544,6227,4680,8656,6295,2918,6551,10,6057.25,6046.5,6039,12152,12152,11537,8991,23719,16434,5846,14658,19,6059,6046.5
20250207_768_6070.0_6070.0_-1_0,0,3923,3567,3269,36.377,1336,1280,1269,411,621,131,777,974,777,680,1967,1892,131,361,0,6068,6065.75,1086,2778,3256,2778,2481,6604,5589,1082,2587,11,6069.5,6065.5
20250207_770_6070.9602_6070.9602_-1_1,0,3946,3682,3181,12.647,1423,1617,1702,446,592,347,1089,1512,1089,1028,3576,3037,345,580,5,6069.5,6065.5,347,3888,4196,3888,3218,15339,14710,350,580,5,6069.5,6060.75
20250207_786_6078.75_6078.75_-1_0,0,6199,4661,4545,31.542,1495,1523,1345,417,804,347,3998,2899,3998,1953,5809,5432,349,746,3,6077.5,6072,347,5962,4436,5962,3315,15346,15097,399,746,3,6077.5,6072
20250207_786_6077.2102_6077.2102_-1_1,0,6199,4661,4545,9.784,1480,1082,1004,417,804,1610,3998,2899,3998,1953,5673,4450,1621,2979,10,6077.5,6072,2173,5962,4436,5962,3315,9489,7751,2214,4376,12,6077.5,6072
20250207_823_6061.2102_6063.2102_1_1,0,5011,6343,4084,10.969,1950,649,318,570,490,2158,2242,2242,2622,1677,7871,6985,2187,4596,12,6067.25,6061.75,6207,5957,5957,6671,4518,24010,19351,6291,15031,37,6067.25,6060
20250207_823_6061.9602_6061.9602_1_1,0,5011,6343,4084,23.001,1476,513,158,570,490,1024,2242,2242,2622,1677,3914,3829,1048,2135,6,6067.25,6061.75,4994,5957,5957,6671,4518,19540,15783,5075,12344,31,6067.25,6060
20250207_837_6047.25_6054.0_1_0,0,4774,5129,3850,30.845,3324,3069,2531,601,485,911,1055,1055,1692,940,11421,10752,924,1715,7,6058,6054.75,4624,4361,4361,5405,3275,33457,29623,4627,9733,31,6058,6051.75
20250207_837_6052.4602_6052.4602_1_1,0,4774,5129,3850,52.296,1347,1225,668,601,485,25,1055,1055,1692,940,4516,4605,33,49,0,6058,6054.75,3077,4361,4361,5405,3275,14908,12498,3089,6770,22,6058,6051.75
20250207_839_6049.9602_6049.9602_1_1,0,5525,6452,4337,24.854,1868,1334,1422,484,605,441,1722,1722,1845,1112,1934,2009,459,570,5,6055.25,6051.75,869,4947,4947,4987,3249,9516,9073,889,1990,5,6055.25,6051.75
20250207_911_6041.2102_6041.2102_1_1,0,4131,3999,3019,59.04,1770,1325,1492,764,495,144,1080,1080,1621,977,2431,2732,144,193,0,6047.5,6043.25,159,3229,3229,3674,2382,5715,5834,159,381,0,6047.5,6043.25
20250207_916_6038.75_6040.5_1_0,0,5062,5288,3569,31.538,2830,2849,2750,653,630,172,1289,1289,1174,851,3041,2848,174,599,0,6046,6042.5,1444,4764,4764,4319,2990,16736,15409,1407,3418,11,6046.25,6041.25
