instrument_id,symbol,selected,records,trade_count,trade_buy,trade_sell,trade_unknown,fill_count,fill_buy,fill_sell,fill_unknown,min_price,max_price,adds,cancels,modifies,clears,snapshots,others
42140864,ESM6,1,12471799,476814,765234,742467,75,1102493,774305,752269,150,7299.25,7395.75,4851798,4852021,1179606,0,9067,0
42004810,ESM6-ESU6,0,15713,394,711,760,0,720,791,792,0,53.85,57.3,3290,3315,7785,0,209,0
42140870,ESU6,0,1018410,763,989,478,0,817,996,481,0,7357.25,7452,421528,421541,173618,0,143,0
10252,ESZ6,0,12157,27,15,15,0,27,15,15,0,7419,7508.75,346,346,11397,0,14,0
42005583,ESM6-ESZ6,0,1668,13,4,9,0,18,9,9,0,111.55,115.5,41,49,1510,0,37,0
42008149,ESM6-ESH7,0,36,3,1,5,0,3,1,5,0,170.55,178.85,5,7,5,0,13,0
42006263,ESU6-ESZ6,0,1337,1,0,1,0,1,0,1,0,57.6,57.6,38,37,1229,0,31,0
42008507,ESZ6-ESH7,0,7,1,1,0,0,1,1,0,0,52,52,2,2,0,1,0,0
42007174,ESU6-ESH7,0,28,0,0,0,0,0,0,0,0,,,4,4,1,0,19,0
42019323,ESM6-ESM7,0,41,0,0,0,0,0,0,0,0,,,3,1,1,0,36,0
42140856,ESM7,0,45,0,0,0,0,0,0,0,0,,,10,8,26,1,0,0
42140860,ESH7,0,49,0,0,0,0,0,0,0,0,,,11,9,28,1,0,0
