session,minute_of_day,relative
2024-01-03,840,3.2455913978494624
2024-01-04,510,3.1066666666666665
2024-01-05,510,14.442424242424243
2024-01-11,510,17.28121212121212
2024-01-11,840,3.1131182795698926
2024-01-12,510,6.277575757575757
2024-01-16,510,4.1442424242424245
2024-01-17,510,6.881212121212121
2024-01-18,510,6.403636363636363
2024-01-18,870,4.330945227640398
2024-01-25,510,5.5636363636363635
2024-01-26,510,5.367272727272727
2024-01-31,510,8.082424242424242
2024-01-31,840,5.0959139784946235
2024-02-01,510,4.024242424242424
2024-02-02,510,15.996363636363636
2024-02-13,510,18.848484848484848
2024-02-15,510,6.835151515151515
2024-02-16,510,11.863030303030303
2024-02-22,510,3.272727272727273
2024-02-29,510,10.715151515151515
2024-03-01,840,3.6318279569892473
2024-03-06,510,12.351515151515152
2024-03-07,510,3.187878787878788
2024-03-08,510,11.258181818181818
2024-03-12,510,13.016969696969698
2024-03-14,510,10.57090909090909
2024-03-19,510,3.081212121212121
2024-03-20,840,5.461935483870968
2024-03-20,870,4.082274092905015
2024-03-28,510,3.5309090909090908
2024-04-03,600,3.0017226528854435
2024-04-04,510,7.093333333333334
2024-04-04,840,3.278709677419355
2024-04-04,870,10.147446267621909
2024-04-05,510,15.767272727272728
2024-04-10,510,29.473939393939393
2024-04-11,510,15.706666666666667
2024-04-15,510,7.168484848484849
2024-04-16,510,4.756363636363637
2024-04-18,510,3.9927272727272727
2024-04-25,510,10.951515151515151
2024-04-25,870,3.252137739773515
2024-04-26,510,13.715151515151515
2024-04-30,510,15.933333333333334
2024-05-01,510,5.0218181818181815
2024-05-01,840,4.9470967741935485
2024-05-02,510,4.932121212121212
2024-05-03,510,17.367272727272727
2024-05-03,600,3.425322997416021
2024-05-09,510,4.656969696969697
2024-05-14,510,20.341818181818184
2024-05-15,510,16.85333333333333
2024-05-16,510,5.456969696969697
2024-05-22,840,4.291182795698925
2024-05-28,870,4.356829211925121
2024-05-30,510,6.961212121212121
2024-05-31,510,12.183030303030304
2024-06-04,600,3.44031007751938
2024-06-04,870,4.728449272012942
2024-06-06,510,5.035151515151515
2024-06-07,510,17.10181818181818
2024-06-07,840,3.938064516129032
2024-06-12,510,14.65939393939394
2024-06-12,840,8.975913978494624
2024-06-13,510,8.996363636363636
2024-06-18,510,6.550303030303031
2024-06-27,510,4.631515151515152
2024-06-27,840,4.547956989247312
2024-06-28,510,6.586666666666667
2024-07-05,510,12.584242424242424
2024-07-11,510,17.157575757575756
2024-07-12,510,11.562424242424242
2024-07-16,510,6.78060606060606
2024-07-18,510,3.3648484848484848
2024-07-18,870,3.0764964178414607
2024-07-25,510,8.027878787878787
2024-07-26,510,6.072727272727272
2024-07-31,510,3.766060606060606
2024-08-01,510,3.227878787878788
2024-08-01,840,4.106236559139785
2024-08-02,510,20.567272727272726
2024-08-05,510,3.9224242424242424
2024-08-05,600,3.5409130060292853
2024-08-06,510,4.092121212121212
2024-08-08,510,16.006060606060608
2024-08-13,510,9.214545454545455
2024-08-14,510,12.562424242424242
2024-08-15,510,13.68848484848485
2024-08-22,510,3.3624242424242423
2024-08-29,510,4.189090909090909
2024-08-29,870,6.79731915877051
2024-09-04,600,3.478897502153316
2024-09-05,510,9.323636363636364
2024-09-06,510,15.90060606060606
2024-09-11,510,14.195151515151515
2024-09-11,870,3.4079038594869426
2024-09-12,510,6.486060606060606
2024-09-13,840,5.06236559139785
2024-09-17,510,4.28969696969697
2024-09-18,840,7.712258064516129
2024-09-19,510,3.1054545454545455
2024-09-24,870,4.047608042523689
2024-09-27,510,4.5648484848484845
2024-10-01,840,5.701075268817204
2024-10-04,510,14.064242424242424
2024-10-07,870,14.559741160157152
2024-10-10,510,12.504242424242424
2024-10-11,510,4.787878787878788
2024-10-17,510,3.443636363636364
2024-10-24,840,3.235698924731183
2024-10-31,510,3.341818181818182
2024-11-01,510,8.104242424242424
2024-11-13,510,11.826666666666666
2024-11-15,510,6.775757575757575
2024-12-04,840,4.1006451612903225
2024-12-06,510,9.087272727272728
2024-12-11,510,8.741818181818182
2024-12-12,510,4.580606060606061
2024-12-18,840,5.763870967741935
2024-12-18,870,4.436792234804715
2024-12-20,510,8.65939393939394
2025-01-06,840,3.6240860215053763
2025-01-10,510,14.81090909090909
2025-01-14,510,13.338181818181818
2025-01-15,510,13.814545454545454
2025-01-16,510,5.444848484848485
2025-01-20,510,12.57939393939394
2025-01-29,840,3.8055913978494624
2025-02-05,510,3.995151515151515
2025-02-07,510,11.0
2025-02-07,600,3.2409991386735575
2025-02-12,510,18.008484848484848
2025-02-13,510,8.098181818181818
2025-02-21,870,4.094291657037208
2025-02-27,510,4.7284848484848485
2025-02-27,600,4.091989664082687
2025-02-27,870,3.9168014790848162
2025-02-28,510,4.518787878787879
2025-03-06,510,3.556363636363636
2025-03-07,510,15.655757575757576
2025-03-12,510,16.175757575757576
2025-03-13,510,5.567272727272727
2025-03-14,600,4.09922480620155
2025-03-19,840,3.6051612903225805
2025-03-28,510,4.90060606060606
2025-04-04,510,8.41090909090909
2025-04-04,840,3.3840860215053765
2025-04-07,510,6.244848484848485
2025-04-08,870,6.528772821816501
2025-04-09,840,4.218064516129032
2025-04-09,870,3.170788074878669
2025-04-10,510,7.701818181818182
2025-04-16,840,3.7922580645161292
2025-04-30,510,4.041212121212121
2025-05-01,510,3.3636363636363638
2025-05-02,510,5.292121212121212
2025-05-13,510,8.267878787878788
2025-06-05,510,5.649696969696969
2025-06-06,510,8.527272727272727
2025-06-06,870,3.831291888144211
2025-06-10,840,6.215483870967742
2025-06-11,510,9.368484848484849
2025-06-12,510,5.208484848484848
2025-06-17,840,3.0868817204301076
2025-06-24,510,3.0703030303030303
2025-06-27,870,3.5881673214698404
2025-07-03,510,6.613333333333333
2025-07-15,510,6.8933333333333335
2025-07-16,510,4.041212121212121
2025-07-17,510,3.170909090909091
2025-08-01,510,8.52848484848485
2025-08-12,510,10.317575757575758
2025-08-14,510,9.793939393939393
2025-08-22,600,4.115245478036176
2025-08-29,510,4.391515151515152
2025-09-05,510,8.783030303030303
2025-09-10,510,10.798787878787879
2025-09-11,510,13.364848484848485
2025-09-17,840,4.686021505376344
2025-09-17,870,3.0409059394499653
2025-09-25,840,3.2098924731182796
2025-09-26,510,3.0824242424242425
2025-10-01,840,3.2688172043010755
2025-10-24,510,14.16969696969697
2025-11-19,840,3.1918279569892474
2025-11-20,510,4.666666666666667
2025-12-10,840,5.532043010752688
2025-12-16,510,3.792727272727273
2025-12-18,510,9.517575757575758
