session,part,share_p,size,large_limit
2024-01-30,night,0.19198690893991907,42,40
2024-01-31,night,0.19198690893991907,41,40
2024-02-01,night,0.19198690893991907,42,40
2024-02-02,night,0.19198690893991907,42,40
2024-02-05,night,0.19198690893991907,42,40
2024-02-06,night,0.19198690893991907,42,40
2024-02-07,night,0.19198690893991907,42,40
2024-02-08,night,0.19198690893991907,42,40
2024-02-09,night,0.19198690893991907,42,40
2024-02-12,night,0.19198690893991907,42,40
2024-02-13,night,0.19198690893991907,42,40
2024-02-14,night,0.19198690893991907,42,40
2024-02-15,night,0.19198690893991907,42,40
2024-02-16,night,0.19198690893991907,42,40
2024-02-19,night,0.19198690893991907,42,40
2024-02-20,night,0.19198690893991907,42,40
2024-02-21,night,0.19198690893991907,42,40
2024-02-22,night,0.19198690893991907,42,40
2024-02-23,night,0.19198690893991907,42,40
2024-02-26,night,0.19198690893991907,42,40
2024-02-27,night,0.19198690893991907,42,40
2024-02-28,night,0.19198690893991907,42,40
2024-02-29,night,0.19198690893991907,41,40
2024-03-01,night,0.19198690893991907,42,40
2024-03-04,night,0.19198690893991907,41,40
2024-03-05,night,0.19198690893991907,41,40
2024-03-06,night,0.19198690893991907,41,40
2024-03-07,night,0.19198690893991907,41,40
2024-03-08,night,0.19198690893991907,41,40
2024-03-11,night,0.19198690893991907,41,40
2024-03-12,night,0.19198690893991907,40,40
2024-03-13,night,0.19198690893991907,40,40
2024-03-14,night,0.19198690893991907,40,40
2024-03-15,night,0.19198690893991907,40,40
2024-03-18,night,0.19198690893991907,40,40
2024-03-19,night,0.19198690893991907,40,40
2024-03-20,night,0.19198690893991907,40,40
2024-03-21,night,0.19198690893991907,40,40
2024-03-22,night,0.19198690893991907,40,40
2024-03-25,night,0.19198690893991907,40,40
2024-03-26,night,0.19198690893991907,40,40
2024-03-27,night,0.19198690893991907,40,40
2024-03-28,night,0.19198690893991907,40,40
2024-04-01,night,0.19198690893991907,39,40
2024-04-02,night,0.19198690893991907,39,40
2024-04-03,night,0.19198690893991907,39,40
2024-04-04,night,0.19198690893991907,39,40
2024-04-05,night,0.19198690893991907,39,40
2024-04-08,night,0.19198690893991907,39,40
2024-04-09,night,0.19198690893991907,39,40
2024-04-10,night,0.19198690893991907,39,40
2024-04-11,night,0.19198690893991907,39,40
2024-04-12,night,0.19198690893991907,39,40
2024-04-15,night,0.19198690893991907,38,40
2024-04-16,night,0.19198690893991907,38,40
2024-04-17,night,0.19198690893991907,38,40
2024-04-18,night,0.19198690893991907,38,40
2024-04-19,night,0.19198690893991907,38,40
2024-04-22,night,0.19198690893991907,38,40
2024-04-23,night,0.19198690893991907,38,40
2024-04-24,night,0.19198690893991907,37,40
2024-04-25,night,0.19198690893991907,37,40
2024-04-26,night,0.19198690893991907,38,40
2024-04-29,night,0.19198690893991907,37,40
2024-04-30,night,0.19198690893991907,37,40
2024-05-01,night,0.19198690893991907,37,40
2024-05-02,night,0.19198690893991907,37,40
2024-05-03,night,0.19198690893991907,37,40
2024-05-06,night,0.19198690893991907,36,40
2024-05-07,night,0.19198690893991907,36,40
2024-05-08,night,0.19198690893991907,36,40
2024-05-09,night,0.19198690893991907,36,40
2024-05-10,night,0.19198690893991907,36,40
2024-05-13,night,0.19198690893991907,37,40
2024-05-14,night,0.19198690893991907,37,40
2024-05-15,night,0.19198690893991907,37,40
2024-05-16,night,0.19198690893991907,37,40
2024-05-17,night,0.19198690893991907,37,40
2024-05-20,night,0.19198690893991907,37,40
2024-05-21,night,0.19198690893991907,37,40
2024-05-22,night,0.19198690893991907,37,40
2024-05-23,night,0.19198690893991907,37,40
2024-05-24,night,0.19198690893991907,38,40
2024-05-27,night,0.19198690893991907,38,40
2024-05-28,night,0.19198690893991907,38,40
2024-05-29,night,0.19198690893991907,37,40
2024-05-30,night,0.19198690893991907,37,40
2024-05-31,night,0.19198690893991907,37,40
2024-06-03,night,0.19198690893991907,37,40
2024-06-04,night,0.19198690893991907,37,40
2024-06-05,night,0.19198690893991907,36,40
2024-06-06,night,0.19198690893991907,36,40
2024-06-07,night,0.19198690893991907,36,40
2024-06-10,night,0.19198690893991907,36,40
2024-06-11,night,0.19198690893991907,36,40
2024-06-12,night,0.19198690893991907,36,40
2024-06-13,night,0.19198690893991907,36,40
2024-06-14,night,0.19198690893991907,36,40
2024-06-17,night,0.19198690893991907,36,40
2024-06-18,night,0.19198690893991907,36,40
2024-06-19,night,0.19198690893991907,36,40
2024-06-20,night,0.19198690893991907,36,40
2024-06-21,night,0.19198690893991907,36,40
2024-06-24,night,0.19198690893991907,35,40
2024-06-25,night,0.19198690893991907,35,40
2024-06-26,night,0.19198690893991907,35,40
2024-06-27,night,0.19198690893991907,35,40
2024-06-28,night,0.19198690893991907,35,40
2024-07-01,night,0.19198690893991907,35,40
2024-07-02,night,0.19198690893991907,35,40
2024-07-03,night,0.19198690893991907,35,40
2024-07-04,night,0.19198690893991907,35,40
2024-07-05,night,0.19198690893991907,35,40
2024-07-08,night,0.19198690893991907,34,30
2024-07-09,night,0.19198690893991907,34,30
2024-07-10,night,0.19198690893991907,34,30
2024-07-11,night,0.19198690893991907,34,30
2024-07-12,night,0.19198690893991907,35,40
2024-07-15,night,0.19198690893991907,34,30
2024-07-16,night,0.19198690893991907,34,30
2024-07-17,night,0.19198690893991907,34,30
2024-07-18,night,0.19198690893991907,34,30
2024-07-19,night,0.19198690893991907,34,30
2024-07-22,night,0.19198690893991907,34,30
2024-07-23,night,0.19198690893991907,33,30
2024-07-24,night,0.19198690893991907,33,30
2024-07-25,night,0.19198690893991907,33,30
2024-07-26,night,0.19198690893991907,33,30
2024-07-29,night,0.19198690893991907,33,30
2024-07-30,night,0.19198690893991907,32,30
2024-07-31,night,0.19198690893991907,32,30
2024-08-01,night,0.19198690893991907,32,30
2024-08-02,night,0.19198690893991907,32,30
2024-08-05,night,0.19198690893991907,32,30
2024-08-06,night,0.19198690893991907,32,30
2024-08-07,night,0.19198690893991907,31,30
2024-08-08,night,0.19198690893991907,31,30
2024-08-09,night,0.19198690893991907,31,30
2024-08-12,night,0.19198690893991907,31,30
2024-08-13,night,0.19198690893991907,31,30
2024-08-14,night,0.19198690893991907,31,30
2024-08-15,night,0.19198690893991907,31,30
2024-08-16,night,0.19198690893991907,31,30
2024-08-19,night,0.19198690893991907,31,30
2024-08-20,night,0.19198690893991907,31,30
2024-08-21,night,0.19198690893991907,31,30
2024-08-22,night,0.19198690893991907,31,30
2024-08-23,night,0.19198690893991907,31,30
2024-08-26,night,0.19198690893991907,31,30
2024-08-27,night,0.19198690893991907,31,30
2024-08-28,night,0.19198690893991907,31,30
2024-08-29,night,0.19198690893991907,31,30
2024-08-30,night,0.19198690893991907,31,30
2024-09-02,night,0.19198690893991907,30,30
2024-09-03,night,0.19198690893991907,30,30
2024-09-04,night,0.19198690893991907,30,30
2024-09-05,night,0.19198690893991907,30,30
2024-09-06,night,0.19198690893991907,30,30
2024-09-09,night,0.19198690893991907,29,30
2024-09-10,night,0.19198690893991907,29,30
2024-09-11,night,0.19198690893991907,29,30
2024-09-12,night,0.19198690893991907,30,30
2024-09-13,night,0.19198690893991907,30,30
2024-09-16,night,0.19198690893991907,30,30
2024-09-17,night,0.19198690893991907,29,30
2024-09-18,night,0.19198690893991907,29,30
2024-09-19,night,0.19198690893991907,29,30
2024-09-20,night,0.19198690893991907,29,30
2024-09-23,night,0.19198690893991907,30,30
2024-09-24,night,0.19198690893991907,29,30
2024-09-25,night,0.19198690893991907,30,30
2024-09-26,night,0.19198690893991907,30,30
2024-09-27,night,0.19198690893991907,30,30
2024-09-30,night,0.19198690893991907,30,30
2024-10-01,night,0.19198690893991907,30,30
2024-10-02,night,0.19198690893991907,30,30
2024-10-03,night,0.19198690893991907,29,30
2024-10-04,night,0.19198690893991907,29,30
2024-10-07,night,0.19198690893991907,29,30
2024-10-08,night,0.19198690893991907,29,30
2024-10-09,night,0.19198690893991907,29,30
2024-10-10,night,0.19198690893991907,29,30
2024-10-11,night,0.19198690893991907,29,30
2024-10-14,night,0.19198690893991907,30,30
2024-10-15,night,0.19198690893991907,29,30
2024-10-16,night,0.19198690893991907,29,30
2024-10-17,night,0.19198690893991907,29,30
2024-10-18,night,0.19198690893991907,29,30
2024-10-21,night,0.19198690893991907,29,30
2024-10-22,night,0.19198690893991907,29,30
2024-10-23,night,0.19198690893991907,29,30
2024-10-24,night,0.19198690893991907,29,30
2024-10-25,night,0.19198690893991907,29,30
2024-10-28,night,0.19198690893991907,29,30
2024-10-29,night,0.19198690893991907,29,30
2024-10-30,night,0.19198690893991907,29,30
2024-10-31,night,0.19198690893991907,29,30
2024-11-01,night,0.19198690893991907,29,30
2024-11-04,night,0.19198690893991907,29,30
2024-11-05,night,0.19198690893991907,29,30
2024-11-06,night,0.19198690893991907,29,30
2024-11-07,night,0.19198690893991907,29,30
2024-11-08,night,0.19198690893991907,29,30
2024-11-11,night,0.19198690893991907,28,30
2024-11-12,night,0.19198690893991907,28,30
2024-11-13,night,0.19198690893991907,28,30
2024-11-14,night,0.19198690893991907,28,30
2024-11-15,night,0.19198690893991907,28,30
2024-11-18,night,0.19198690893991907,29,30
2024-11-19,night,0.19198690893991907,29,30
2024-11-20,night,0.19198690893991907,29,30
2024-11-21,night,0.19198690893991907,29,30
2024-11-22,night,0.19198690893991907,29,30
2024-11-25,night,0.19198690893991907,29,30
2024-11-26,night,0.19198690893991907,29,30
2024-11-27,night,0.19198690893991907,29,30
2024-11-28,night,0.19198690893991907,29,30
2024-11-29,night,0.19198690893991907,29,30
2024-12-02,night,0.19198690893991907,29,30
2024-12-03,night,0.19198690893991907,29,30
2024-12-04,night,0.19198690893991907,29,30
2024-12-05,night,0.19198690893991907,29,30
2024-12-06,night,0.19198690893991907,29,30
2024-12-09,night,0.19198690893991907,29,30
2024-12-10,night,0.19198690893991907,29,30
2024-12-11,night,0.19198690893991907,29,30
2024-12-12,night,0.19198690893991907,30,30
2024-12-13,night,0.19198690893991907,30,30
2024-12-16,night,0.19198690893991907,30,30
2024-12-17,night,0.19198690893991907,30,30
2024-12-18,night,0.19198690893991907,30,30
2024-12-19,night,0.19198690893991907,30,30
2024-12-20,night,0.19198690893991907,30,30
2024-12-23,night,0.19198690893991907,30,30
2024-12-24,night,0.19198690893991907,30,30
2024-12-26,night,0.19198690893991907,30,30
2024-12-27,night,0.19198690893991907,30,30
2024-12-30,night,0.19198690893991907,30,30
2024-12-31,night,0.19198690893991907,30,30
2025-01-02,night,0.19198690893991907,30,30
2025-01-03,night,0.19198690893991907,30,30
2025-01-06,night,0.19198690893991907,30,30
2025-01-07,night,0.19198690893991907,30,30
2025-01-08,night,0.19198690893991907,30,30
2025-01-09,night,0.19198690893991907,30,30
2025-01-10,night,0.19198690893991907,30,30
2025-01-13,night,0.19198690893991907,30,30
2025-01-14,night,0.19198690893991907,30,30
2025-01-15,night,0.19198690893991907,29,30
2025-01-16,night,0.19198690893991907,29,30
2025-01-17,night,0.19198690893991907,29,30
2025-01-20,night,0.19198690893991907,30,30
2025-01-21,night,0.19198690893991907,30,30
2025-01-22,night,0.19198690893991907,30,30
2025-01-23,night,0.19198690893991907,30,30
2025-01-24,night,0.19198690893991907,30,30
2025-01-27,night,0.19198690893991907,30,30
2025-01-28,night,0.19198690893991907,30,30
2025-01-29,night,0.19198690893991907,29,30
2025-01-30,night,0.19198690893991907,29,30
2025-01-31,night,0.19198690893991907,29,30
2025-02-03,night,0.19198690893991907,29,30
2025-02-04,night,0.19198690893991907,29,30
2025-02-05,night,0.19198690893991907,28,30
2025-02-06,night,0.19198690893991907,28,30
2025-02-07,night,0.19198690893991907,28,30
2025-02-10,night,0.19198690893991907,28,30
2025-02-11,night,0.19198690893991907,27,25
2025-02-12,night,0.19198690893991907,27,25
2025-02-13,night,0.19198690893991907,27,25
2025-02-14,night,0.19198690893991907,27,25
2025-02-17,night,0.19198690893991907,27,25
2025-02-18,night,0.19198690893991907,27,25
2025-02-19,night,0.19198690893991907,27,25
2025-02-20,night,0.19198690893991907,27,25
2025-02-21,night,0.19198690893991907,27,25
2025-02-24,night,0.19198690893991907,27,25
2025-02-25,night,0.19198690893991907,27,25
2025-02-26,night,0.19198690893991907,27,25
2025-02-27,night,0.19198690893991907,27,25
2025-02-28,night,0.19198690893991907,27,25
2025-03-03,night,0.19198690893991907,27,25
2025-03-04,night,0.19198690893991907,26,25
2025-03-05,night,0.19198690893991907,26,25
2025-03-06,night,0.19198690893991907,26,25
2025-03-07,night,0.19198690893991907,26,25
2025-03-10,night,0.19198690893991907,26,25
2025-03-11,night,0.19198690893991907,26,25
2025-03-12,night,0.19198690893991907,26,25
2025-03-13,night,0.19198690893991907,26,25
2025-03-14,night,0.19198690893991907,26,25
2025-03-17,night,0.19198690893991907,26,25
2025-03-18,night,0.19198690893991907,26,25
2025-03-19,night,0.19198690893991907,26,25
2025-03-20,night,0.19198690893991907,26,25
2025-03-21,night,0.19198690893991907,26,25
2025-03-24,night,0.19198690893991907,26,25
2025-03-25,night,0.19198690893991907,26,25
2025-03-26,night,0.19198690893991907,26,25
2025-03-27,night,0.19198690893991907,26,25
2025-03-28,night,0.19198690893991907,25,25
2025-03-31,night,0.19198690893991907,25,25
2025-04-01,night,0.19198690893991907,25,25
2025-04-02,night,0.19198690893991907,25,25
2025-04-03,night,0.19198690893991907,25,25
2025-04-04,night,0.19198690893991907,25,25
2025-04-07,night,0.19198690893991907,26,25
2025-04-08,night,0.19198690893991907,25,25
2025-04-09,night,0.19198690893991907,25,25
2025-04-10,night,0.19198690893991907,25,25
2025-04-11,night,0.19198690893991907,25,25
2025-04-14,night,0.19198690893991907,25,25
2025-04-15,night,0.19198690893991907,24,25
2025-04-16,night,0.19198690893991907,24,25
2025-04-17,night,0.19198690893991907,24,25
2025-04-21,night,0.19198690893991907,24,25
2025-04-22,night,0.19198690893991907,24,25
2025-04-23,night,0.19198690893991907,24,25
2025-04-24,night,0.19198690893991907,24,25
2025-04-25,night,0.19198690893991907,24,25
2025-04-28,night,0.19198690893991907,24,25
2025-04-29,night,0.19198690893991907,24,25
2025-04-30,night,0.19198690893991907,24,25
2025-05-01,night,0.19198690893991907,24,25
2025-05-02,night,0.19198690893991907,24,25
2025-05-05,night,0.19198690893991907,24,25
2025-05-06,night,0.19198690893991907,24,25
2025-05-07,night,0.19198690893991907,24,25
2025-05-08,night,0.19198690893991907,24,25
2025-05-09,night,0.19198690893991907,24,25
2025-05-12,night,0.19198690893991907,24,25
2025-05-13,night,0.19198690893991907,24,25
2025-05-14,night,0.19198690893991907,24,25
2025-05-15,night,0.19198690893991907,24,25
2025-05-16,night,0.19198690893991907,24,25
2025-05-19,night,0.19198690893991907,24,25
2025-05-20,night,0.19198690893991907,24,25
2025-05-21,night,0.19198690893991907,24,25
2025-05-22,night,0.19198690893991907,24,25
2025-05-23,night,0.19198690893991907,24,25
2025-05-26,night,0.19198690893991907,24,25
2025-05-27,night,0.19198690893991907,24,25
2025-05-28,night,0.19198690893991907,24,25
2025-05-29,night,0.19198690893991907,24,25
2025-05-30,night,0.19198690893991907,24,25
2025-06-02,night,0.19198690893991907,24,25
2025-06-03,night,0.19198690893991907,23,25
2025-06-04,night,0.19198690893991907,23,25
2025-06-05,night,0.19198690893991907,23,25
2025-06-06,night,0.19198690893991907,23,25
2025-06-09,night,0.19198690893991907,23,25
2025-06-10,night,0.19198690893991907,23,25
2025-06-11,night,0.19198690893991907,23,25
2025-06-12,night,0.19198690893991907,23,25
2025-06-13,night,0.19198690893991907,23,25
2025-06-16,night,0.19198690893991907,24,25
2025-06-17,night,0.19198690893991907,24,25
2025-06-18,night,0.19198690893991907,23,25
2025-06-19,night,0.19198690893991907,23,25
2025-06-20,night,0.19198690893991907,23,25
2025-06-23,night,0.19198690893991907,23,25
2025-06-24,night,0.19198690893991907,23,25
2025-06-25,night,0.19198690893991907,23,25
2025-06-26,night,0.19198690893991907,23,25
2025-06-27,night,0.19198690893991907,23,25
2025-06-30,night,0.19198690893991907,23,25
2025-07-01,night,0.19198690893991907,23,25
2025-07-02,night,0.19198690893991907,23,25
2025-07-03,night,0.19198690893991907,23,25
2025-07-04,night,0.19198690893991907,23,25
2025-07-07,night,0.19198690893991907,23,25
2025-07-08,night,0.19198690893991907,23,25
2025-07-09,night,0.19198690893991907,23,25
2025-07-10,night,0.19198690893991907,23,25
2025-07-11,night,0.19198690893991907,23,25
2025-07-14,night,0.19198690893991907,23,25
2025-07-15,night,0.19198690893991907,23,25
2025-07-16,night,0.19198690893991907,23,25
2025-07-17,night,0.19198690893991907,23,25
2025-07-18,night,0.19198690893991907,23,25
2025-07-21,night,0.19198690893991907,23,25
2025-07-22,night,0.19198690893991907,23,25
2025-07-23,night,0.19198690893991907,23,25
2025-07-24,night,0.19198690893991907,23,25
2025-07-25,night,0.19198690893991907,23,25
2025-07-28,night,0.19198690893991907,23,25
2025-07-29,night,0.19198690893991907,23,25
2025-07-30,night,0.19198690893991907,23,25
2025-07-31,night,0.19198690893991907,23,25
2025-08-01,night,0.19198690893991907,23,25
2025-08-04,night,0.19198690893991907,23,25
2025-08-05,night,0.19198690893991907,23,25
2025-08-06,night,0.19198690893991907,23,25
2025-08-07,night,0.19198690893991907,23,25
2025-08-08,night,0.19198690893991907,23,25
2025-08-11,night,0.19198690893991907,23,25
2025-08-12,night,0.19198690893991907,23,25
2025-08-13,night,0.19198690893991907,23,25
2025-08-14,night,0.19198690893991907,23,25
2025-08-15,night,0.19198690893991907,23,25
2025-08-18,night,0.19198690893991907,23,25
2025-08-19,night,0.19198690893991907,23,25
2025-08-20,night,0.19198690893991907,23,25
2025-08-21,night,0.19198690893991907,23,25
2025-08-22,night,0.19198690893991907,23,25
2025-08-25,night,0.19198690893991907,23,25
2025-08-26,night,0.19198690893991907,23,25
2025-08-27,night,0.19198690893991907,23,25
2025-08-28,night,0.19198690893991907,23,25
2025-08-29,night,0.19198690893991907,23,25
2025-09-01,night,0.19198690893991907,23,25
2025-09-02,night,0.19198690893991907,23,25
2025-09-03,night,0.19198690893991907,23,25
2025-09-04,night,0.19198690893991907,23,25
2025-09-05,night,0.19198690893991907,23,25
2025-09-08,night,0.19198690893991907,23,25
2025-09-09,night,0.19198690893991907,23,25
2025-09-10,night,0.19198690893991907,23,25
2025-09-11,night,0.19198690893991907,24,25
2025-09-12,night,0.19198690893991907,24,25
2025-09-15,night,0.19198690893991907,24,25
2025-09-16,night,0.19198690893991907,24,25
2025-09-17,night,0.19198690893991907,24,25
2025-09-18,night,0.19198690893991907,24,25
2025-09-19,night,0.19198690893991907,24,25
2025-09-22,night,0.19198690893991907,24,25
2025-09-23,night,0.19198690893991907,24,25
2025-09-24,night,0.19198690893991907,24,25
2025-09-25,night,0.19198690893991907,24,25
2025-09-26,night,0.19198690893991907,24,25
2025-09-29,night,0.19198690893991907,24,25
2025-09-30,night,0.19198690893991907,24,25
2025-10-01,night,0.19198690893991907,24,25
2025-10-02,night,0.19198690893991907,24,25
2025-10-03,night,0.19198690893991907,24,25
2025-10-06,night,0.19198690893991907,24,25
2025-10-07,night,0.19198690893991907,24,25
2025-10-08,night,0.19198690893991907,24,25
2025-10-09,night,0.19198690893991907,24,25
2025-10-10,night,0.19198690893991907,24,25
2025-10-13,night,0.19198690893991907,24,25
2025-10-14,night,0.19198690893991907,24,25
2025-10-15,night,0.19198690893991907,24,25
2025-10-16,night,0.19198690893991907,24,25
2025-10-17,night,0.19198690893991907,24,25
2025-10-20,night,0.19198690893991907,24,25
2025-10-21,night,0.19198690893991907,24,25
2025-10-22,night,0.19198690893991907,24,25
2025-10-23,night,0.19198690893991907,24,25
2025-10-24,night,0.19198690893991907,24,25
2025-10-27,night,0.19198690893991907,24,25
2025-10-28,night,0.19198690893991907,24,25
2025-10-29,night,0.19198690893991907,24,25
2025-10-30,night,0.19198690893991907,24,25
2025-10-31,night,0.19198690893991907,24,25
2025-11-03,night,0.19198690893991907,24,25
2025-11-04,night,0.19198690893991907,24,25
2025-11-05,night,0.19198690893991907,24,25
2025-11-06,night,0.19198690893991907,24,25
2025-11-07,night,0.19198690893991907,24,25
2025-11-10,night,0.19198690893991907,24,25
2025-11-11,night,0.19198690893991907,23,25
2025-11-12,night,0.19198690893991907,23,25
2025-11-13,night,0.19198690893991907,23,25
2025-11-14,night,0.19198690893991907,23,25
2025-11-17,night,0.19198690893991907,23,25
2025-11-18,night,0.19198690893991907,23,25
2025-11-19,night,0.19198690893991907,23,25
2025-11-20,night,0.19198690893991907,22,20
2025-11-21,night,0.19198690893991907,22,20
2025-11-24,night,0.19198690893991907,22,20
2025-11-25,night,0.19198690893991907,22,20
2025-11-26,night,0.19198690893991907,22,20
2025-11-27,night,0.19198690893991907,22,20
2025-11-28,night,0.19198690893991907,22,20
2025-12-01,night,0.19198690893991907,22,20
2025-12-02,night,0.19198690893991907,22,20
2025-12-03,night,0.19198690893991907,21,20
2025-12-04,night,0.19198690893991907,22,20
2025-12-05,night,0.19198690893991907,21,20
2025-12-08,night,0.19198690893991907,21,20
2025-12-09,night,0.19198690893991907,21,20
2025-12-10,night,0.19198690893991907,21,20
2025-12-11,night,0.19198690893991907,21,20
2025-12-12,night,0.19198690893991907,21,20
2025-12-15,night,0.19198690893991907,21,20
2025-12-16,night,0.19198690893991907,21,20
2025-12-17,night,0.19198690893991907,21,20
2025-12-18,night,0.19198690893991907,21,20
2025-12-19,night,0.19198690893991907,21,20
2025-12-22,night,0.19198690893991907,21,20
2025-12-23,night,0.19198690893991907,21,20
2025-12-24,night,0.19198690893991907,21,20
2025-12-26,night,0.19198690893991907,21,20
2025-12-29,night,0.19198690893991907,21,20
2025-12-30,night,0.19198690893991907,21,20
2025-12-31,night,0.19198690893991907,20,20
2024-01-30,rth,0.08986122057942285,111,100
2024-01-31,rth,0.08986122057942285,110,100
2024-02-01,rth,0.08986122057942285,111,100
2024-02-02,rth,0.08986122057942285,112,125
2024-02-05,rth,0.08986122057942285,112,125
2024-02-06,rth,0.08986122057942285,111,100
2024-02-07,rth,0.08986122057942285,110,100
2024-02-08,rth,0.08986122057942285,110,100
2024-02-09,rth,0.08986122057942285,110,100
2024-02-12,rth,0.08986122057942285,110,100
2024-02-13,rth,0.08986122057942285,110,100
2024-02-14,rth,0.08986122057942285,111,100
2024-02-15,rth,0.08986122057942285,112,125
2024-02-16,rth,0.08986122057942285,111,100
2024-02-19,rth,0.08986122057942285,111,100
2024-02-20,rth,0.08986122057942285,111,100
2024-02-21,rth,0.08986122057942285,111,100
2024-02-22,rth,0.08986122057942285,110,100
2024-02-23,rth,0.08986122057942285,110,100
2024-02-26,rth,0.08986122057942285,110,100
2024-02-27,rth,0.08986122057942285,110,100
2024-02-28,rth,0.08986122057942285,110,100
2024-02-29,rth,0.08986122057942285,110,100
2024-03-01,rth,0.08986122057942285,112,125
2024-03-04,rth,0.08986122057942285,114,125
2024-03-05,rth,0.08986122057942285,115,125
2024-03-06,rth,0.08986122057942285,115,125
2024-03-07,rth,0.08986122057942285,115,125
2024-03-08,rth,0.08986122057942285,115,125
2024-03-11,rth,0.08986122057942285,113,125
2024-03-12,rth,0.08986122057942285,112,125
2024-03-13,rth,0.08986122057942285,112,125
2024-03-14,rth,0.08986122057942285,111,100
2024-03-15,rth,0.08986122057942285,110,100
2024-03-18,rth,0.08986122057942285,111,100
2024-03-19,rth,0.08986122057942285,110,100
2024-03-20,rth,0.08986122057942285,110,100
2024-03-21,rth,0.08986122057942285,109,100
2024-03-22,rth,0.08986122057942285,109,100
2024-03-25,rth,0.08986122057942285,109,100
2024-03-26,rth,0.08986122057942285,109,100
2024-03-27,rth,0.08986122057942285,110,100
2024-03-28,rth,0.08986122057942285,110,100
2024-04-01,rth,0.08986122057942285,110,100
2024-04-02,rth,0.08986122057942285,110,100
2024-04-03,rth,0.08986122057942285,110,100
2024-04-04,rth,0.08986122057942285,110,100
2024-04-05,rth,0.08986122057942285,110,100
2024-04-08,rth,0.08986122057942285,110,100
2024-04-09,rth,0.08986122057942285,110,100
2024-04-10,rth,0.08986122057942285,109,100
2024-04-11,rth,0.08986122057942285,108,100
2024-04-12,rth,0.08986122057942285,108,100
2024-04-15,rth,0.08986122057942285,106,100
2024-04-16,rth,0.08986122057942285,106,100
2024-04-17,rth,0.08986122057942285,106,100
2024-04-18,rth,0.08986122057942285,106,100
2024-04-19,rth,0.08986122057942285,106,100
2024-04-22,rth,0.08986122057942285,106,100
2024-04-23,rth,0.08986122057942285,105,100
2024-04-24,rth,0.08986122057942285,105,100
2024-04-25,rth,0.08986122057942285,104,100
2024-04-26,rth,0.08986122057942285,104,100
2024-04-29,rth,0.08986122057942285,103,100
2024-04-30,rth,0.08986122057942285,102,100
2024-05-01,rth,0.08986122057942285,101,100
2024-05-02,rth,0.08986122057942285,101,100
2024-05-03,rth,0.08986122057942285,101,100
2024-05-06,rth,0.08986122057942285,99,100
2024-05-07,rth,0.08986122057942285,98,100
2024-05-08,rth,0.08986122057942285,100,100
2024-05-09,rth,0.08986122057942285,100,100
2024-05-10,rth,0.08986122057942285,100,100
2024-05-13,rth,0.08986122057942285,101,100
2024-05-14,rth,0.08986122057942285,101,100
2024-05-15,rth,0.08986122057942285,101,100
2024-05-16,rth,0.08986122057942285,101,100
2024-05-17,rth,0.08986122057942285,101,100
2024-05-20,rth,0.08986122057942285,101,100
2024-05-21,rth,0.08986122057942285,101,100
2024-05-22,rth,0.08986122057942285,101,100
2024-05-23,rth,0.08986122057942285,101,100
2024-05-24,rth,0.08986122057942285,101,100
2024-05-27,rth,0.08986122057942285,101,100
2024-05-28,rth,0.08986122057942285,100,100
2024-05-29,rth,0.08986122057942285,99,100
2024-05-30,rth,0.08986122057942285,99,100
2024-05-31,rth,0.08986122057942285,99,100
2024-06-03,rth,0.08986122057942285,100,100
2024-06-04,rth,0.08986122057942285,99,100
2024-06-05,rth,0.08986122057942285,99,100
2024-06-06,rth,0.08986122057942285,99,100
2024-06-07,rth,0.08986122057942285,99,100
2024-06-10,rth,0.08986122057942285,98,100
2024-06-11,rth,0.08986122057942285,98,100
2024-06-12,rth,0.08986122057942285,98,100
2024-06-13,rth,0.08986122057942285,98,100
2024-06-14,rth,0.08986122057942285,98,100
2024-06-17,rth,0.08986122057942285,97,100
2024-06-18,rth,0.08986122057942285,97,100
2024-06-19,rth,0.08986122057942285,97,100
2024-06-20,rth,0.08986122057942285,97,100
2024-06-21,rth,0.08986122057942285,96,100
2024-06-24,rth,0.08986122057942285,96,100
2024-06-25,rth,0.08986122057942285,96,100
2024-06-26,rth,0.08986122057942285,97,100
2024-06-27,rth,0.08986122057942285,97,100
2024-06-28,rth,0.08986122057942285,97,100
2024-07-01,rth,0.08986122057942285,99,100
2024-07-02,rth,0.08986122057942285,100,100
2024-07-03,rth,0.08986122057942285,100,100
2024-07-04,rth,0.08986122057942285,100,100
2024-07-05,rth,0.08986122057942285,100,100
2024-07-08,rth,0.08986122057942285,100,100
2024-07-09,rth,0.08986122057942285,100,100
2024-07-10,rth,0.08986122057942285,100,100
2024-07-11,rth,0.08986122057942285,101,100
2024-07-12,rth,0.08986122057942285,100,100
2024-07-15,rth,0.08986122057942285,99,100
2024-07-16,rth,0.08986122057942285,99,100
2024-07-17,rth,0.08986122057942285,98,100
2024-07-18,rth,0.08986122057942285,97,100
2024-07-19,rth,0.08986122057942285,96,100
2024-07-22,rth,0.08986122057942285,94,100
2024-07-23,rth,0.08986122057942285,94,100
2024-07-24,rth,0.08986122057942285,93,100
2024-07-25,rth,0.08986122057942285,93,100
2024-07-26,rth,0.08986122057942285,92,100
2024-07-29,rth,0.08986122057942285,92,100
2024-07-30,rth,0.08986122057942285,91,100
2024-07-31,rth,0.08986122057942285,88,80
2024-08-01,rth,0.08986122057942285,87,80
2024-08-02,rth,0.08986122057942285,86,80
2024-08-05,rth,0.08986122057942285,85,80
2024-08-06,rth,0.08986122057942285,85,80
2024-08-07,rth,0.08986122057942285,84,80
2024-08-08,rth,0.08986122057942285,84,80
2024-08-09,rth,0.08986122057942285,84,80
2024-08-12,rth,0.08986122057942285,82,80
2024-08-13,rth,0.08986122057942285,82,80
2024-08-14,rth,0.08986122057942285,82,80
2024-08-15,rth,0.08986122057942285,82,80
2024-08-16,rth,0.08986122057942285,82,80
2024-08-19,rth,0.08986122057942285,82,80
2024-08-20,rth,0.08986122057942285,83,80
2024-08-21,rth,0.08986122057942285,83,80
2024-08-22,rth,0.08986122057942285,83,80
2024-08-23,rth,0.08986122057942285,83,80
2024-08-26,rth,0.08986122057942285,82,80
2024-08-27,rth,0.08986122057942285,82,80
2024-08-28,rth,0.08986122057942285,81,80
2024-08-29,rth,0.08986122057942285,81,80
2024-08-30,rth,0.08986122057942285,81,80
2024-09-02,rth,0.08986122057942285,81,80
2024-09-03,rth,0.08986122057942285,81,80
2024-09-04,rth,0.08986122057942285,80,80
2024-09-05,rth,0.08986122057942285,80,80
2024-09-06,rth,0.08986122057942285,81,80
2024-09-09,rth,0.08986122057942285,79,80
2024-09-10,rth,0.08986122057942285,80,80
2024-09-11,rth,0.08986122057942285,80,80
2024-09-12,rth,0.08986122057942285,81,80
2024-09-13,rth,0.08986122057942285,80,80
2024-09-16,rth,0.08986122057942285,81,80
2024-09-17,rth,0.08986122057942285,81,80
2024-09-18,rth,0.08986122057942285,81,80
2024-09-19,rth,0.08986122057942285,81,80
2024-09-20,rth,0.08986122057942285,81,80
2024-09-23,rth,0.08986122057942285,81,80
2024-09-24,rth,0.08986122057942285,82,80
2024-09-25,rth,0.08986122057942285,83,80
2024-09-26,rth,0.08986122057942285,83,80
2024-09-27,rth,0.08986122057942285,83,80
2024-09-30,rth,0.08986122057942285,86,80
2024-10-01,rth,0.08986122057942285,88,80
2024-10-02,rth,0.08986122057942285,89,80
2024-10-03,rth,0.08986122057942285,90,100
2024-10-04,rth,0.08986122057942285,90,100
2024-10-07,rth,0.08986122057942285,93,100
2024-10-08,rth,0.08986122057942285,94,100
2024-10-09,rth,0.08986122057942285,95,100
2024-10-10,rth,0.08986122057942285,96,100
2024-10-11,rth,0.08986122057942285,96,100
2024-10-14,rth,0.08986122057942285,97,100
2024-10-15,rth,0.08986122057942285,98,100
2024-10-16,rth,0.08986122057942285,98,100
2024-10-17,rth,0.08986122057942285,98,100
2024-10-18,rth,0.08986122057942285,98,100
2024-10-21,rth,0.08986122057942285,98,100
2024-10-22,rth,0.08986122057942285,99,100
2024-10-23,rth,0.08986122057942285,100,100
2024-10-24,rth,0.08986122057942285,100,100
2024-10-25,rth,0.08986122057942285,100,100
2024-10-28,rth,0.08986122057942285,100,100
2024-10-29,rth,0.08986122057942285,100,100
2024-10-30,rth,0.08986122057942285,99,100
2024-10-31,rth,0.08986122057942285,98,100
2024-11-01,rth,0.08986122057942285,98,100
2024-11-04,rth,0.08986122057942285,99,100
2024-11-05,rth,0.08986122057942285,97,100
2024-11-06,rth,0.08986122057942285,97,100
2024-11-07,rth,0.08986122057942285,96,100
2024-11-08,rth,0.08986122057942285,96,100
2024-11-11,rth,0.08986122057942285,95,100
2024-11-12,rth,0.08986122057942285,96,100
2024-11-13,rth,0.08986122057942285,96,100
2024-11-14,rth,0.08986122057942285,95,100
2024-11-15,rth,0.08986122057942285,95,100
2024-11-18,rth,0.08986122057942285,96,100
2024-11-19,rth,0.08986122057942285,96,100
2024-11-20,rth,0.08986122057942285,95,100
2024-11-21,rth,0.08986122057942285,95,100
2024-11-22,rth,0.08986122057942285,94,100
2024-11-25,rth,0.08986122057942285,94,100
2024-11-26,rth,0.08986122057942285,94,100
2024-11-27,rth,0.08986122057942285,94,100
2024-11-28,rth,0.08986122057942285,93,100
2024-11-29,rth,0.08986122057942285,93,100
2024-12-02,rth,0.08986122057942285,92,100
2024-12-03,rth,0.08986122057942285,92,100
2024-12-04,rth,0.08986122057942285,92,100
2024-12-05,rth,0.08986122057942285,93,100
2024-12-06,rth,0.08986122057942285,93,100
2024-12-09,rth,0.08986122057942285,92,100
2024-12-10,rth,0.08986122057942285,93,100
2024-12-11,rth,0.08986122057942285,94,100
2024-12-12,rth,0.08986122057942285,95,100
2024-12-13,rth,0.08986122057942285,95,100
2024-12-16,rth,0.08986122057942285,95,100
2024-12-17,rth,0.08986122057942285,95,100
2024-12-18,rth,0.08986122057942285,95,100
2024-12-19,rth,0.08986122057942285,94,100
2024-12-20,rth,0.08986122057942285,94,100
2024-12-23,rth,0.08986122057942285,92,100
2024-12-24,rth,0.08986122057942285,92,100
2024-12-26,rth,0.08986122057942285,92,100
2024-12-27,rth,0.08986122057942285,92,100
2024-12-30,rth,0.08986122057942285,92,100
2024-12-31,rth,0.08986122057942285,91,100
2025-01-02,rth,0.08986122057942285,91,100
2025-01-03,rth,0.08986122057942285,90,100
2025-01-06,rth,0.08986122057942285,91,100
2025-01-07,rth,0.08986122057942285,90,100
2025-01-08,rth,0.08986122057942285,89,80
2025-01-10,rth,0.08986122057942285,88,80
2025-01-13,rth,0.08986122057942285,87,80
2025-01-14,rth,0.08986122057942285,86,80
2025-01-15,rth,0.08986122057942285,84,80
2025-01-16,rth,0.08986122057942285,84,80
2025-01-17,rth,0.08986122057942285,83,80
2025-01-20,rth,0.08986122057942285,83,80
2025-01-21,rth,0.08986122057942285,83,80
2025-01-22,rth,0.08986122057942285,83,80
2025-01-23,rth,0.08986122057942285,83,80
2025-01-24,rth,0.08986122057942285,84,80
2025-01-27,rth,0.08986122057942285,83,80
2025-01-28,rth,0.08986122057942285,82,80
2025-01-29,rth,0.08986122057942285,81,80
2025-01-30,rth,0.08986122057942285,80,80
2025-01-31,rth,0.08986122057942285,80,80
2025-02-03,rth,0.08986122057942285,78,80
2025-02-04,rth,0.08986122057942285,77,80
2025-02-05,rth,0.08986122057942285,76,80
2025-02-06,rth,0.08986122057942285,76,80
2025-02-07,rth,0.08986122057942285,76,80
2025-02-10,rth,0.08986122057942285,72,80
2025-02-11,rth,0.08986122057942285,71,80
2025-02-12,rth,0.08986122057942285,71,80
2025-02-13,rth,0.08986122057942285,71,80
2025-02-14,rth,0.08986122057942285,71,80
2025-02-17,rth,0.08986122057942285,70,80
2025-02-18,rth,0.08986122057942285,70,80
2025-02-19,rth,0.08986122057942285,70,80
2025-02-20,rth,0.08986122057942285,70,80
2025-02-21,rth,0.08986122057942285,70,80
2025-02-24,rth,0.08986122057942285,70,80
2025-02-25,rth,0.08986122057942285,70,80
2025-02-26,rth,0.08986122057942285,70,80
2025-02-27,rth,0.08986122057942285,69,60
2025-02-28,rth,0.08986122057942285,69,60
2025-03-03,rth,0.08986122057942285,70,80
2025-03-04,rth,0.08986122057942285,70,80
2025-03-05,rth,0.08986122057942285,69,60
2025-03-06,rth,0.08986122057942285,69,60
2025-03-07,rth,0.08986122057942285,68,60
2025-03-10,rth,0.08986122057942285,68,60
2025-03-11,rth,0.08986122057942285,68,60
2025-03-12,rth,0.08986122057942285,68,60
2025-03-13,rth,0.08986122057942285,67,60
2025-03-14,rth,0.08986122057942285,67,60
2025-03-17,rth,0.08986122057942285,68,60
2025-03-18,rth,0.08986122057942285,68,60
2025-03-19,rth,0.08986122057942285,67,60
2025-03-20,rth,0.08986122057942285,67,60
2025-03-21,rth,0.08986122057942285,67,60
2025-03-24,rth,0.08986122057942285,67,60
2025-03-25,rth,0.08986122057942285,67,60
2025-03-26,rth,0.08986122057942285,66,60
2025-03-27,rth,0.08986122057942285,67,60
2025-03-28,rth,0.08986122057942285,66,60
2025-03-31,rth,0.08986122057942285,67,60
2025-04-01,rth,0.08986122057942285,67,60
2025-04-02,rth,0.08986122057942285,68,60
2025-04-03,rth,0.08986122057942285,68,60
2025-04-04,rth,0.08986122057942285,68,60
2025-04-07,rth,0.08986122057942285,69,60
2025-04-08,rth,0.08986122057942285,68,60
2025-04-09,rth,0.08986122057942285,68,60
2025-04-10,rth,0.08986122057942285,69,60
2025-04-11,rth,0.08986122057942285,68,60
2025-04-14,rth,0.08986122057942285,68,60
2025-04-15,rth,0.08986122057942285,67,60
2025-04-16,rth,0.08986122057942285,67,60
2025-04-17,rth,0.08986122057942285,66,60
2025-04-21,rth,0.08986122057942285,66,60
2025-04-22,rth,0.08986122057942285,65,60
2025-04-23,rth,0.08986122057942285,65,60
2025-04-24,rth,0.08986122057942285,65,60
2025-04-25,rth,0.08986122057942285,65,60
2025-04-28,rth,0.08986122057942285,65,60
2025-04-29,rth,0.08986122057942285,65,60
2025-04-30,rth,0.08986122057942285,64,60
2025-05-01,rth,0.08986122057942285,64,60
2025-05-02,rth,0.08986122057942285,64,60
2025-05-05,rth,0.08986122057942285,66,60
2025-05-06,rth,0.08986122057942285,66,60
2025-05-07,rth,0.08986122057942285,67,60
2025-05-08,rth,0.08986122057942285,67,60
2025-05-09,rth,0.08986122057942285,67,60
2025-05-12,rth,0.08986122057942285,68,60
2025-05-13,rth,0.08986122057942285,68,60
2025-05-14,rth,0.08986122057942285,68,60
2025-05-15,rth,0.08986122057942285,68,60
2025-05-16,rth,0.08986122057942285,68,60
2025-05-19,rth,0.08986122057942285,69,60
2025-05-20,rth,0.08986122057942285,69,60
2025-05-21,rth,0.08986122057942285,69,60
2025-05-22,rth,0.08986122057942285,68,60
2025-05-23,rth,0.08986122057942285,68,60
2025-05-26,rth,0.08986122057942285,67,60
2025-05-27,rth,0.08986122057942285,68,60
2025-05-28,rth,0.08986122057942285,68,60
2025-05-29,rth,0.08986122057942285,67,60
2025-05-30,rth,0.08986122057942285,67,60
2025-06-02,rth,0.08986122057942285,65,60
2025-06-03,rth,0.08986122057942285,65,60
2025-06-04,rth,0.08986122057942285,64,60
2025-06-05,rth,0.08986122057942285,64,60
2025-06-06,rth,0.08986122057942285,64,60
2025-06-09,rth,0.08986122057942285,63,60
2025-06-10,rth,0.08986122057942285,63,60
2025-06-11,rth,0.08986122057942285,63,60
2025-06-12,rth,0.08986122057942285,63,60
2025-06-13,rth,0.08986122057942285,63,60
2025-06-16,rth,0.08986122057942285,64,60
2025-06-17,rth,0.08986122057942285,64,60
2025-06-18,rth,0.08986122057942285,64,60
2025-06-19,rth,0.08986122057942285,64,60
2025-06-20,rth,0.08986122057942285,64,60
2025-06-23,rth,0.08986122057942285,64,60
2025-06-24,rth,0.08986122057942285,63,60
2025-06-25,rth,0.08986122057942285,64,60
2025-06-26,rth,0.08986122057942285,64,60
2025-06-27,rth,0.08986122057942285,64,60
2025-06-30,rth,0.08986122057942285,65,60
2025-07-01,rth,0.08986122057942285,66,60
2025-07-02,rth,0.08986122057942285,65,60
2025-07-03,rth,0.08986122057942285,65,60
2025-07-04,rth,0.08986122057942285,66,60
2025-07-07,rth,0.08986122057942285,66,60
2025-07-08,rth,0.08986122057942285,66,60
2025-07-09,rth,0.08986122057942285,66,60
2025-07-10,rth,0.08986122057942285,66,60
2025-07-11,rth,0.08986122057942285,67,60
2025-07-14,rth,0.08986122057942285,66,60
2025-07-15,rth,0.08986122057942285,66,60
2025-07-16,rth,0.08986122057942285,66,60
2025-07-17,rth,0.08986122057942285,66,60
2025-07-18,rth,0.08986122057942285,67,60
2025-07-21,rth,0.08986122057942285,67,60
2025-07-22,rth,0.08986122057942285,68,60
2025-07-23,rth,0.08986122057942285,69,60
2025-07-24,rth,0.08986122057942285,69,60
2025-07-25,rth,0.08986122057942285,69,60
2025-07-28,rth,0.08986122057942285,70,80
2025-07-29,rth,0.08986122057942285,71,80
2025-07-30,rth,0.08986122057942285,71,80
2025-07-31,rth,0.08986122057942285,71,80
2025-08-01,rth,0.08986122057942285,71,80
2025-08-04,rth,0.08986122057942285,71,80
2025-08-05,rth,0.08986122057942285,72,80
2025-08-06,rth,0.08986122057942285,72,80
2025-08-07,rth,0.08986122057942285,72,80
2025-08-08,rth,0.08986122057942285,71,80
2025-08-11,rth,0.08986122057942285,72,80
2025-08-12,rth,0.08986122057942285,72,80
2025-08-13,rth,0.08986122057942285,72,80
2025-08-14,rth,0.08986122057942285,72,80
2025-08-15,rth,0.08986122057942285,72,80
2025-08-18,rth,0.08986122057942285,73,80
2025-08-19,rth,0.08986122057942285,73,80
2025-08-20,rth,0.08986122057942285,73,80
2025-08-21,rth,0.08986122057942285,72,80
2025-08-22,rth,0.08986122057942285,72,80
2025-08-25,rth,0.08986122057942285,72,80
2025-08-26,rth,0.08986122057942285,72,80
2025-08-27,rth,0.08986122057942285,73,80
2025-08-28,rth,0.08986122057942285,73,80
2025-08-29,rth,0.08986122057942285,73,80
2025-09-01,rth,0.08986122057942285,73,80
2025-09-02,rth,0.08986122057942285,73,80
2025-09-03,rth,0.08986122057942285,73,80
2025-09-04,rth,0.08986122057942285,73,80
2025-09-05,rth,0.08986122057942285,73,80
2025-09-08,rth,0.08986122057942285,73,80
2025-09-09,rth,0.08986122057942285,73,80
2025-09-10,rth,0.08986122057942285,73,80
2025-09-11,rth,0.08986122057942285,73,80
2025-09-12,rth,0.08986122057942285,74,80
2025-09-15,rth,0.08986122057942285,74,80
2025-09-16,rth,0.08986122057942285,74,80
2025-09-17,rth,0.08986122057942285,74,80
2025-09-18,rth,0.08986122057942285,74,80
2025-09-19,rth,0.08986122057942285,74,80
2025-09-22,rth,0.08986122057942285,74,80
2025-09-23,rth,0.08986122057942285,74,80
2025-09-24,rth,0.08986122057942285,74,80
2025-09-25,rth,0.08986122057942285,74,80
2025-09-26,rth,0.08986122057942285,74,80
2025-09-29,rth,0.08986122057942285,74,80
2025-09-30,rth,0.08986122057942285,74,80
2025-10-01,rth,0.08986122057942285,75,80
2025-10-02,rth,0.08986122057942285,75,80
2025-10-03,rth,0.08986122057942285,75,80
2025-10-06,rth,0.08986122057942285,76,80
2025-10-07,rth,0.08986122057942285,76,80
2025-10-08,rth,0.08986122057942285,77,80
2025-10-09,rth,0.08986122057942285,77,80
2025-10-10,rth,0.08986122057942285,77,80
2025-10-13,rth,0.08986122057942285,77,80
2025-10-14,rth,0.08986122057942285,77,80
2025-10-15,rth,0.08986122057942285,77,80
2025-10-16,rth,0.08986122057942285,77,80
2025-10-17,rth,0.08986122057942285,76,80
2025-10-20,rth,0.08986122057942285,77,80
2025-10-21,rth,0.08986122057942285,77,80
2025-10-22,rth,0.08986122057942285,77,80
2025-10-23,rth,0.08986122057942285,77,80
2025-10-24,rth,0.08986122057942285,77,80
2025-10-27,rth,0.08986122057942285,77,80
2025-10-28,rth,0.08986122057942285,78,80
2025-10-29,rth,0.08986122057942285,78,80
2025-10-30,rth,0.08986122057942285,78,80
2025-10-31,rth,0.08986122057942285,78,80
2025-11-03,rth,0.08986122057942285,78,80
2025-11-04,rth,0.08986122057942285,77,80
2025-11-05,rth,0.08986122057942285,77,80
2025-11-06,rth,0.08986122057942285,77,80
2025-11-07,rth,0.08986122057942285,76,80
2025-11-10,rth,0.08986122057942285,76,80
2025-11-11,rth,0.08986122057942285,76,80
2025-11-12,rth,0.08986122057942285,75,80
2025-11-13,rth,0.08986122057942285,75,80
2025-11-14,rth,0.08986122057942285,74,80
2025-11-17,rth,0.08986122057942285,74,80
2025-11-18,rth,0.08986122057942285,74,80
2025-11-19,rth,0.08986122057942285,72,80
2025-11-20,rth,0.08986122057942285,71,80
2025-11-21,rth,0.08986122057942285,71,80
2025-11-24,rth,0.08986122057942285,68,60
2025-11-25,rth,0.08986122057942285,68,60
2025-11-26,rth,0.08986122057942285,68,60
2025-11-27,rth,0.08986122057942285,68,60
2025-11-28,rth,0.08986122057942285,68,60
2025-12-01,rth,0.08986122057942285,67,60
2025-12-02,rth,0.08986122057942285,67,60
2025-12-03,rth,0.08986122057942285,66,60
2025-12-04,rth,0.08986122057942285,66,60
2025-12-05,rth,0.08986122057942285,66,60
2025-12-08,rth,0.08986122057942285,65,60
2025-12-09,rth,0.08986122057942285,65,60
2025-12-10,rth,0.08986122057942285,65,60
2025-12-11,rth,0.08986122057942285,65,60
2025-12-12,rth,0.08986122057942285,65,60
2025-12-15,rth,0.08986122057942285,64,60
2025-12-16,rth,0.08986122057942285,63,60
2025-12-17,rth,0.08986122057942285,63,60
2025-12-18,rth,0.08986122057942285,63,60
2025-12-19,rth,0.08986122057942285,63,60
2025-12-22,rth,0.08986122057942285,62,60
2025-12-23,rth,0.08986122057942285,62,60
2025-12-24,rth,0.08986122057942285,62,60
2025-12-26,rth,0.08986122057942285,62,60
2025-12-29,rth,0.08986122057942285,61,60
2025-12-30,rth,0.08986122057942285,60,60
2025-12-31,rth,0.08986122057942285,60,60
