session,instrument_id,symbol,complete,start,end,volume,rows,high,low,poc,vah,val
2024-01-02,17077,ESH4,True,2024-01-01 18:00:00-05:00,2024-01-02 16:59:59-05:00,1549005,251,4828.0,4765.5,4787.5,4791.25,4776.25
2024-01-03,17077,ESH4,True,2024-01-02 18:00:00-05:00,2024-01-03 16:59:59-05:00,1587336,200,4790.75,4741.0,4756.0,4763.0,4745.5
2024-01-04,17077,ESH4,True,2024-01-03 18:00:00-05:00,2024-01-04 16:59:59-05:00,1299377,159,4766.5,4727.0,4746.0,4756.75,4740.5
2024-01-05,17077,ESH4,True,2024-01-04 18:00:00-05:00,2024-01-05 16:59:58-05:00,1663860,234,4760.25,4702.0,4735.0,4745.0,4717.75
2024-01-08,17077,ESH4,True,2024-01-07 18:00:00-05:00,2024-01-08 16:59:59-05:00,1339989,353,4803.25,4715.25,4800.0,4803.25,4753.0
2024-01-09,17077,ESH4,True,2024-01-08 18:00:00-05:00,2024-01-09 16:59:59-05:00,1296753,147,4804.0,4767.5,4793.0,4799.5,4781.25
2024-01-10,17077,ESH4,True,2024-01-09 18:00:00-05:00,2024-01-10 16:59:59-05:00,1300997,171,4828.5,4786.0,4805.25,4815.25,4789.5
2024-01-11,17077,ESH4,True,2024-01-10 18:00:00-05:00,2024-01-11 16:59:59-05:00,1739692,262,4838.0,4772.75,4813.0,4832.5,4795.25
2024-01-12,17077,ESH4,True,2024-01-11 18:00:00-05:00,2024-01-12 16:59:59-05:00,1458580,181,4836.5,4791.5,4816.5,4819.0,4806.5
2024-01-15,17077,ESH4,False,2024-01-14 18:00:00-05:00,2024-01-15 12:59:59-05:00,155320,67,4823.0,4806.5,4811.75,4813.5,4808.0
2024-01-16,17077,ESH4,True,2024-01-15 18:00:00-05:00,2024-01-16 16:59:59-05:00,1675835,146,4815.75,4779.5,4798.0,4803.25,4788.0
2024-01-17,17077,ESH4,True,2024-01-16 18:00:00-05:00,2024-01-17 16:59:58-05:00,1599359,219,4800.75,4746.25,4765.0,4773.5,4759.0
2024-01-18,17077,ESH4,True,2024-01-17 18:00:00-05:00,2024-01-18 16:59:59-05:00,1659531,215,4817.0,4763.5,4785.0,4796.5,4773.0
2024-01-19,17077,ESH4,True,2024-01-18 18:00:00-05:00,2024-01-19 16:59:59-05:00,1758547,264,4874.25,4808.5,4867.75,4874.0,4828.25
2024-01-22,17077,ESH4,True,2024-01-21 18:00:00-05:00,2024-01-22 16:59:59-05:00,1261802,104,4898.25,4872.5,4881.75,4887.75,4879.0
2024-01-23,17077,ESH4,True,2024-01-22 18:00:00-05:00,2024-01-23 16:59:58-05:00,1085933,112,4902.0,4874.25,4883.5,4887.25,4875.5
2024-01-24,17077,ESH4,True,2024-01-23 18:00:00-05:00,2024-01-24 16:59:58-05:00,1505474,178,4933.25,4889.0,4922.75,4931.25,4910.0
2024-01-25,17077,ESH4,True,2024-01-24 18:00:00-05:00,2024-01-25 16:59:59-05:00,1457154,134,4926.5,4893.25,4915.25,4921.5,4905.0
2024-01-26,17077,ESH4,True,2024-01-25 18:00:00-05:00,2024-01-26 16:59:59-05:00,1273095,144,4934.25,4898.5,4916.25,4923.0,4909.75
2024-01-29,17077,ESH4,True,2024-01-28 18:00:00-05:00,2024-01-29 16:59:59-05:00,1138055,218,4956.0,4901.75,4952.0,4956.0,4920.5
2024-01-30,17077,ESH4,True,2024-01-29 18:00:00-05:00,2024-01-30 16:59:59-05:00,1077668,98,4957.25,4933.0,4950.0,4953.25,4946.0
2024-01-31,17077,ESH4,True,2024-01-30 18:00:00-05:00,2024-01-31 16:59:59-05:00,2157589,289,4938.0,4866.0,4912.5,4935.75,4895.25
2024-02-01,17077,ESH4,True,2024-01-31 18:00:00-05:00,2024-02-01 16:59:59-05:00,1738250,366,4963.75,4872.5,4888.75,4909.75,4874.5
2024-02-02,17077,ESH4,True,2024-02-01 18:00:00-05:00,2024-02-02 16:59:59-05:00,1857343,289,4997.75,4925.75,4974.0,4996.0,4953.25
2024-02-05,17077,ESH4,True,2024-02-04 18:00:00-05:00,2024-02-05 16:59:59-05:00,1407213,173,4980.75,4937.75,4967.0,4976.0,4959.0
2024-02-06,17077,ESH4,True,2024-02-05 18:00:00-05:00,2024-02-06 16:59:59-05:00,1217317,96,4978.25,4954.5,4962.0,4968.5,4957.75
2024-02-07,17077,ESH4,True,2024-02-06 18:00:00-05:00,2024-02-07 16:59:59-05:00,1267075,201,5020.0,4970.0,5015.0,5019.0,5002.5
2024-02-08,17077,ESH4,True,2024-02-07 18:00:00-05:00,2024-02-08 16:59:59-05:00,951841,66,5020.0,5003.75,5012.25,5014.75,5008.75
2024-02-09,17077,ESH4,True,2024-02-08 18:00:00-05:00,2024-02-09 16:59:59-05:00,1140382,143,5048.5,5013.0,5042.0,5045.25,5027.25
2024-02-12,17077,ESH4,True,2024-02-11 18:00:00-05:00,2024-02-12 16:59:59-05:00,1079032,141,5066.5,5031.5,5041.5,5052.0,5035.5
2024-02-13,17077,ESH4,True,2024-02-12 18:00:00-05:00,2024-02-13 16:59:58-05:00,2003833,415,5040.0,4936.5,4971.0,4991.25,4959.5
2024-02-14,17077,ESH4,True,2024-02-13 18:00:00-05:00,2024-02-14 16:59:59-05:00,1554843,216,5022.5,4968.75,4997.0,5001.75,4981.0
2024-02-15,17077,ESH4,True,2024-02-14 18:00:00-05:00,2024-02-15 16:59:58-05:00,1303597,164,5051.75,5011.0,5024.25,5039.25,5011.25
2024-02-16,17077,ESH4,True,2024-02-15 18:00:00-05:00,2024-02-16 16:59:59-05:00,1456066,187,5059.25,5012.75,5044.75,5049.0,5025.5
2024-02-19,17077,ESH4,False,2024-02-18 18:00:00-05:00,2024-02-19 12:59:59-05:00,116852,54,5029.5,5016.25,5024.0,5025.5,5021.75
2024-02-20,17077,ESH4,True,2024-02-19 18:00:00-05:00,2024-02-20 16:59:59-05:00,1421940,227,5024.75,4968.25,4990.5,4993.5,4977.0
2024-02-21,17077,ESH4,True,2024-02-20 18:00:00-05:00,2024-02-21 16:59:59-05:00,1408232,247,5020.5,4959.0,4977.0,4985.75,4970.75
2024-02-22,17077,ESH4,True,2024-02-21 18:00:00-05:00,2024-02-22 16:59:59-05:00,1658180,371,5107.75,5015.25,5098.0,5107.5,5069.5
2024-02-23,17077,ESH4,True,2024-02-22 18:00:00-05:00,2024-02-23 16:59:59-05:00,1286777,127,5123.5,5092.0,5103.0,5110.5,5096.75
2024-02-26,17077,ESH4,True,2024-02-25 18:00:00-05:00,2024-02-26 16:59:59-05:00,1036810,128,5108.0,5076.25,5091.25,5101.25,5084.75
2024-02-27,17077,ESH4,True,2024-02-26 18:00:00-05:00,2024-02-27 16:59:59-05:00,977281,105,5093.0,5067.0,5078.25,5086.5,5075.25
2024-02-28,17077,ESH4,True,2024-02-27 18:00:00-05:00,2024-02-28 16:59:58-05:00,1134023,113,5091.25,5063.25,5075.0,5081.75,5071.5
2024-02-29,17077,ESH4,True,2024-02-28 18:00:00-05:00,2024-02-29 16:59:59-05:00,1693421,219,5114.5,5060.0,5095.25,5104.25,5086.0
2024-03-01,17077,ESH4,True,2024-02-29 18:00:00-05:00,2024-03-01 16:59:59-05:00,1510715,241,5149.25,5089.25,5145.25,5148.0,5114.75
2024-03-04,17077,ESH4,True,2024-03-03 18:00:00-05:00,2024-03-04 16:59:59-05:00,1151296,104,5157.75,5132.0,5138.25,5144.0,5136.5
2024-03-05,17077,ESH4,True,2024-03-04 18:00:00-05:00,2024-03-05 16:59:59-05:00,1767059,291,5135.5,5063.0,5085.75,5099.5,5063.5
2024-03-06,17077,ESH4,True,2024-03-05 18:00:00-05:00,2024-03-06 16:59:59-05:00,1876937,204,5134.5,5083.75,5112.25,5119.0,5100.0
2024-03-07,17077,ESH4,True,2024-03-06 18:00:00-05:00,2024-03-07 16:59:59-05:00,1588247,337,5170.5,5086.5,5155.0,5169.75,5146.5
2024-03-08,17077,ESH4,True,2024-03-07 18:00:00-05:00,2024-03-08 16:59:59-05:00,2054568,286,5193.0,5121.75,5168.0,5178.5,5135.0
2024-03-11,5602,ESM4,True,2024-03-10 18:00:00-04:00,2024-03-11 16:59:59-04:00,1117906,157,5196.0,5157.0,5178.0,5189.0,5173.25
2024-03-12,5602,ESM4,True,2024-03-11 18:00:00-04:00,2024-03-12 16:59:59-04:00,1604422,283,5246.75,5176.25,5241.0,5245.0,5208.5
2024-03-13,5602,ESM4,True,2024-03-12 18:00:00-04:00,2024-03-13 16:59:59-04:00,1291539,121,5247.5,5217.5,5233.5,5241.25,5231.75
2024-03-14,5602,ESM4,True,2024-03-13 18:00:00-04:00,2024-03-14 16:59:58-04:00,1961191,263,5253.5,5188.0,5218.0,5223.75,5202.75
2024-03-15,5602,ESM4,True,2024-03-14 18:00:00-04:00,2024-03-15 16:59:59-04:00,1749575,253,5230.75,5167.75,5182.0,5191.25,5175.25
2024-03-18,5602,ESM4,True,2024-03-17 18:00:00-04:00,2024-03-18 16:59:59-04:00,1307418,235,5240.25,5181.75,5225.5,5235.25,5218.75
2024-03-19,5602,ESM4,True,2024-03-18 18:00:00-04:00,2024-03-19 16:59:59-04:00,1318792,236,5244.75,5186.0,5230.0,5244.5,5206.25
2024-03-20,5602,ESM4,True,2024-03-19 18:00:00-04:00,2024-03-20 16:59:59-04:00,1320666,260,5297.75,5233.0,5239.75,5275.0,5233.75
2024-03-21,5602,ESM4,True,2024-03-20 18:00:00-04:00,2024-03-21 16:59:59-04:00,1248667,118,5322.75,5293.5,5315.0,5320.5,5307.75
2024-03-22,5602,ESM4,True,2024-03-21 18:00:00-04:00,2024-03-22 16:59:59-04:00,1043908,97,5311.75,5287.75,5300.0,5302.5,5293.25
2024-03-25,5602,ESM4,True,2024-03-24 18:00:00-04:00,2024-03-25 16:59:59-04:00,853314,91,5295.0,5272.5,5283.0,5286.25,5278.0
2024-03-26,5602,ESM4,True,2024-03-25 18:00:00-04:00,2024-03-26 16:59:59-04:00,1023491,151,5300.5,5263.0,5288.0,5299.0,5282.25
2024-03-27,5602,ESM4,True,2024-03-26 18:00:00-04:00,2024-03-27 16:59:59-04:00,1369313,173,5313.75,5270.75,5275.0,5291.5,5271.75
2024-03-28,5602,ESM4,True,2024-03-27 18:00:00-04:00,2024-03-28 16:59:59-04:00,1130175,81,5321.0,5301.0,5309.25,5314.75,5306.5
2024-04-01,5602,ESM4,True,2024-03-31 18:00:00-04:00,2024-04-01 16:59:59-04:00,1069459,206,5333.5,5282.25,5294.25,5307.0,5283.0
2024-04-02,5602,ESM4,True,2024-04-01 18:00:00-04:00,2024-04-02 16:59:59-04:00,1347387,245,5296.0,5235.0,5243.75,5256.75,5236.0
2024-04-03,5602,ESM4,True,2024-04-02 18:00:00-04:00,2024-04-03 16:59:59-04:00,1321546,146,5280.75,5244.5,5270.5,5280.5,5260.25
2024-04-04,5602,ESM4,True,2024-04-03 18:00:00-04:00,2024-04-04 16:59:59-04:00,1834239,465,5308.5,5192.5,5297.75,5308.5,5226.0
2024-04-05,5602,ESM4,True,2024-04-04 18:00:00-04:00,2024-04-05 16:59:59-04:00,1837815,325,5272.5,5191.5,5253.5,5268.25,5223.25
2024-04-08,5602,ESM4,True,2024-04-07 18:00:00-04:00,2024-04-08 16:59:59-04:00,1115977,132,5269.25,5236.5,5254.25,5260.0,5250.5
2024-04-09,5602,ESM4,True,2024-04-08 18:00:00-04:00,2024-04-09 16:59:59-04:00,1591836,265,5274.25,5208.25,5265.0,5272.25,5233.25
2024-04-10,5602,ESM4,True,2024-04-09 18:00:00-04:00,2024-04-10 16:59:59-04:00,2282842,435,5285.0,5176.5,5205.5,5211.75,5193.0
2024-04-11,5602,ESM4,True,2024-04-10 18:00:00-04:00,2024-04-11 16:59:59-04:00,1691112,337,5257.5,5173.5,5251.5,5257.5,5203.5
2024-04-12,5602,ESM4,True,2024-04-11 18:00:00-04:00,2024-04-12 16:59:59-04:00,1905841,396,5248.75,5150.0,5168.0,5199.0,5151.25
2024-04-15,5602,ESM4,True,2024-04-14 18:00:00-04:00,2024-04-15 16:59:59-04:00,2154485,478,5213.25,5094.0,5103.75,5182.25,5094.0
2024-04-16,5602,ESM4,True,2024-04-15 18:00:00-04:00,2024-04-16 16:59:59-04:00,2036388,179,5123.25,5078.75,5100.0,5106.0,5090.0
2024-04-17,5602,ESM4,True,2024-04-16 18:00:00-04:00,2024-04-17 16:59:59-04:00,1876745,295,5120.5,5047.0,5060.75,5095.0,5055.25
2024-04-18,5602,ESM4,True,2024-04-17 18:00:00-04:00,2024-04-18 16:59:59-04:00,1650753,228,5095.25,5038.5,5050.0,5073.25,5042.5
2024-04-19,5602,ESM4,True,2024-04-18 18:00:00-04:00,2024-04-19 16:59:59-04:00,2261566,379,5058.0,4963.5,5004.5,5035.75,4993.5
2024-04-22,5602,ESM4,True,2024-04-21 18:00:00-04:00,2024-04-22 16:59:59-04:00,1526359,284,5076.75,5006.0,5030.0,5046.75,5008.0
2024-04-23,5602,ESM4,True,2024-04-22 18:00:00-04:00,2024-04-23 16:59:59-04:00,1309120,304,5113.5,5037.75,5106.5,5112.75,5085.0
2024-04-24,5602,ESM4,True,2024-04-23 18:00:00-04:00,2024-04-24 16:59:59-04:00,1455811,227,5128.75,5072.25,5112.5,5121.25,5097.5
2024-04-25,5602,ESM4,True,2024-04-24 18:00:00-04:00,2024-04-25 16:59:59-04:00,1834882,443,5132.75,5022.25,5038.0,5073.5,5022.5
2024-04-26,5602,ESM4,True,2024-04-25 18:00:00-04:00,2024-04-26 16:59:59-04:00,1383168,169,5146.5,5104.5,5134.0,5143.25,5126.5
2024-04-29,5602,ESM4,True,2024-04-28 18:00:00-04:00,2024-04-29 16:59:59-04:00,1129794,143,5154.25,5118.75,5144.5,5151.0,5140.0
2024-04-30,5602,ESM4,True,2024-04-29 18:00:00-04:00,2024-04-30 16:59:59-04:00,1583747,391,5148.5,5051.0,5136.75,5145.5,5094.25
2024-05-01,5602,ESM4,True,2024-04-30 18:00:00-04:00,2024-05-01 16:59:59-04:00,1899431,357,5126.75,5037.75,5050.0,5074.25,5042.75
2024-05-02,5602,ESM4,True,2024-05-01 18:00:00-04:00,2024-05-02 16:59:59-04:00,1507813,308,5113.0,5036.25,5060.0,5083.25,5048.0
2024-05-03,5602,ESM4,True,2024-05-02 18:00:00-04:00,2024-05-03 16:59:59-04:00,1541923,271,5166.75,5099.25,5154.25,5160.5,5140.5
2024-05-06,5602,ESM4,True,2024-05-05 18:00:00-04:00,2024-05-06 16:59:59-04:00,974138,209,5207.75,5155.75,5183.5,5198.5,5176.75
2024-05-07,5602,ESM4,True,2024-05-06 18:00:00-04:00,2024-05-07 16:59:59-04:00,1064097,99,5226.75,5202.25,5214.75,5219.75,5209.0
2024-05-08,5602,ESM4,True,2024-05-07 18:00:00-04:00,2024-05-08 16:59:58-04:00,972881,118,5218.0,5188.75,5208.25,5214.5,5204.0
2024-05-09,5602,ESM4,True,2024-05-08 18:00:00-04:00,2024-05-09 16:59:59-04:00,1050226,200,5244.75,5195.0,5230.0,5240.25,5217.75
2024-05-10,5602,ESM4,True,2024-05-09 18:00:00-04:00,2024-05-10 16:59:59-04:00,1058816,126,5264.0,5232.75,5245.5,5250.25,5237.5
2024-05-13,5602,ESM4,True,2024-05-12 18:00:00-04:00,2024-05-13 16:59:59-04:00,890777,124,5264.0,5233.25,5245.5,5251.5,5242.5
2024-05-14,5602,ESM4,True,2024-05-13 18:00:00-04:00,2024-05-14 16:59:59-04:00,1188515,231,5274.25,5216.75,5247.0,5258.75,5241.25
2024-05-15,5602,ESM4,True,2024-05-14 18:00:00-04:00,2024-05-15 16:59:59-04:00,1330238,284,5337.25,5266.25,5327.0,5337.0,5299.25
2024-05-16,5602,ESM4,True,2024-05-15 18:00:00-04:00,2024-05-16 16:59:58-04:00,1164207,135,5349.0,5315.5,5335.0,5341.75,5329.25
2024-05-17,5602,ESM4,True,2024-05-16 18:00:00-04:00,2024-05-17 16:59:59-04:00,991897,93,5328.75,5305.75,5320.0,5324.25,5317.0
2024-05-20,5602,ESM4,True,2024-05-19 18:00:00-04:00,2024-05-20 16:59:59-04:00,984157,99,5348.25,5323.75,5333.5,5341.75,5324.75
2024-05-21,5602,ESM4,True,2024-05-20 18:00:00-04:00,2024-05-21 16:59:59-04:00,943936,101,5347.5,5322.5,5333.5,5339.25,5327.0
2024-05-22,5602,ESM4,True,2024-05-21 18:00:00-04:00,2024-05-22 16:59:59-04:00,1193324,171,5349.25,5306.75,5342.0,5344.5,5323.0
2024-05-23,5602,ESM4,True,2024-05-22 18:00:00-04:00,2024-05-23 16:59:58-04:00,1930357,380,5368.25,5273.5,5286.25,5332.75,5274.0
2024-05-24,5602,ESM4,True,2024-05-23 18:00:00-04:00,2024-05-24 16:59:58-04:00,1195430,175,5329.25,5285.75,5321.0,5327.5,5306.25
2024-05-27,5602,ESM4,False,2024-05-26 18:00:00-04:00,2024-05-27 12:59:59-04:00,86469,90,5334.75,5312.5,5320.0,5325.25,5316.75
2024-05-28,5602,ESM4,True,2024-05-27 18:00:00-04:00,2024-05-28 16:59:57-04:00,1253267,170,5339.0,5296.75,5325.0,5330.5,5316.5
2024-05-29,5602,ESM4,True,2024-05-28 18:00:00-04:00,2024-05-29 16:59:59-04:00,1374719,224,5324.0,5268.25,5288.0,5297.0,5285.5
2024-05-30,5602,ESM4,True,2024-05-29 18:00:00-04:00,2024-05-30 16:59:59-04:00,1405409,156,5277.0,5238.25,5265.5,5272.0,5257.75
2024-05-31,5602,ESM4,True,2024-05-30 18:00:00-04:00,2024-05-31 16:59:59-04:00,2290121,407,5307.0,5205.5,5230.25,5270.0,5218.25
2024-06-03,5602,ESM4,True,2024-06-02 18:00:00-04:00,2024-06-03 16:59:58-04:00,1731303,267,5313.25,5246.75,5309.0,5313.0,5279.0
2024-06-04,5602,ESM4,True,2024-06-03 18:00:00-04:00,2024-06-04 16:59:59-04:00,1631036,202,5312.25,5262.0,5285.0,5297.25,5274.75
2024-06-05,5602,ESM4,True,2024-06-04 18:00:00-04:00,2024-06-05 16:59:59-04:00,1369428,264,5368.25,5302.5,5359.5,5367.75,5322.75
2024-06-06,5602,ESM4,True,2024-06-05 18:00:00-04:00,2024-06-06 16:59:58-04:00,1177951,113,5373.25,5345.25,5367.5,5369.25,5360.0
2024-06-07,5602,ESM4,True,2024-06-06 18:00:00-04:00,2024-06-07 16:59:59-04:00,1495244,227,5385.5,5329.0,5359.75,5371.75,5351.5
2024-06-10,5602,ESM4,True,2024-06-09 18:00:00-04:00,2024-06-10 16:59:59-04:00,1131765,151,5375.75,5338.25,5366.25,5373.5,5352.5
2024-06-11,5602,ESM4,True,2024-06-10 18:00:00-04:00,2024-06-11 16:59:59-04:00,1318721,208,5386.25,5334.5,5355.25,5366.0,5334.75
2024-06-12,5602,ESM4,True,2024-06-11 18:00:00-04:00,2024-06-12 16:59:59-04:00,1713498,215,5454.5,5380.0,5440.0,5447.25,5428.0
2024-06-13,5602,ESM4,True,2024-06-12 18:00:00-04:00,2024-06-13 16:59:58-04:00,1325941,178,5452.75,5408.5,5439.75,5443.0,5423.25
2024-06-14,5602,ESM4,True,2024-06-13 18:00:00-04:00,2024-06-14 16:59:58-04:00,1089585,182,5443.0,5397.75,5429.75,5433.5,5415.0
2024-06-17,118,ESU4,True,2024-06-16 18:00:00-04:00,2024-06-17 16:59:58-04:00,1027582,286,5561.0,5489.75,5546.5,5561.0,5504.5
2024-06-18,118,ESU4,True,2024-06-17 18:00:00-04:00,2024-06-18 16:59:59-04:00,996315,86,5562.75,5541.5,5554.25,5556.75,5547.0
2024-06-19,118,ESU4,False,2024-06-18 18:00:00-04:00,2024-06-19 12:59:59-04:00,92305,30,5567.0,5559.75,5564.0,5565.25,5562.5
2024-06-20,118,ESU4,True,2024-06-19 18:00:00-04:00,2024-06-20 16:59:59-04:00,1408082,251,5588.0,5525.5,5544.25,5563.5,5526.25
2024-06-21,118,ESU4,True,2024-06-20 18:00:00-04:00,2024-06-21 16:59:59-04:00,1237930,128,5550.75,5519.0,5533.5,5538.0,5529.0
2024-06-24,118,ESU4,True,2024-06-23 18:00:00-04:00,2024-06-24 16:59:59-04:00,1339336,194,5558.5,5510.25,5530.5,5548.5,5523.75
2024-06-25,118,ESU4,True,2024-06-24 18:00:00-04:00,2024-06-25 16:59:58-04:00,1072944,116,5539.75,5511.0,5526.75,5533.5,5521.5
2024-06-26,118,ESU4,True,2024-06-25 18:00:00-04:00,2024-06-26 16:59:58-04:00,1124500,143,5551.75,5516.25,5531.25,5539.5,5525.0
2024-06-27,118,ESU4,True,2024-06-26 18:00:00-04:00,2024-06-27 16:59:59-04:00,1164648,158,5555.0,5515.75,5541.75,5546.0,5531.75
2024-06-28,118,ESU4,True,2024-06-27 18:00:00-04:00,2024-06-28 16:59:59-04:00,1714293,298,5585.0,5510.75,5558.25,5572.0,5529.25
2024-07-01,118,ESU4,True,2024-06-30 18:00:00-04:00,2024-07-01 16:59:58-04:00,1351649,147,5541.0,5504.5,5531.25,5539.0,5522.5
2024-07-02,118,ESU4,True,2024-07-01 18:00:00-04:00,2024-07-02 16:59:59-04:00,1240725,269,5569.75,5502.75,5534.0,5549.0,5510.5
2024-07-03,118,ESU4,False,2024-07-02 18:00:00-04:00,2024-07-03 13:14:59-04:00,734264,145,5595.75,5559.75,5570.25,5588.0,5566.5
2024-07-04,118,ESU4,False,2024-07-03 18:00:00-04:00,2024-07-04 12:59:59-04:00,92714,48,5597.0,5585.25,5589.0,5594.75,5588.0
2024-07-05,118,ESU4,True,2024-07-04 18:00:00-04:00,2024-07-05 16:59:59-04:00,1063892,165,5626.0,5585.0,5619.25,5625.5,5596.25
2024-07-08,118,ESU4,True,2024-07-07 18:00:00-04:00,2024-07-08 16:59:58-04:00,913553,108,5637.5,5610.75,5624.25,5629.5,5619.75
2024-07-09,118,ESU4,True,2024-07-08 18:00:00-04:00,2024-07-09 16:59:59-04:00,1010300,79,5645.75,5626.25,5638.0,5639.0,5631.75
2024-07-10,118,ESU4,True,2024-07-09 18:00:00-04:00,2024-07-10 16:59:59-04:00,1109619,240,5690.5,5630.75,5644.5,5672.75,5631.0
2024-07-11,118,ESU4,True,2024-07-10 18:00:00-04:00,2024-07-11 16:59:59-04:00,1894448,312,5707.75,5630.0,5642.75,5666.75,5630.0
2024-07-12,118,ESU4,True,2024-07-11 18:00:00-04:00,2024-07-12 16:59:59-04:00,1597355,349,5708.25,5621.25,5666.5,5695.5,5648.0
2024-07-15,118,ESU4,True,2024-07-14 18:00:00-04:00,2024-07-15 16:59:59-04:00,1635851,214,5718.75,5665.5,5689.0,5700.5,5680.0
2024-07-16,118,ESU4,True,2024-07-15 18:00:00-04:00,2024-07-16 16:59:59-04:00,1422160,194,5721.25,5673.0,5699.5,5707.0,5690.25
2024-07-17,118,ESU4,True,2024-07-16 18:00:00-04:00,2024-07-17 16:59:59-04:00,1966990,345,5717.75,5631.75,5640.0,5656.75,5637.0
2024-07-18,118,ESU4,True,2024-07-17 18:00:00-04:00,2024-07-18 16:59:59-04:00,2433873,376,5664.0,5570.25,5594.25,5630.0,5570.5
2024-07-19,118,ESU4,True,2024-07-18 18:00:00-04:00,2024-07-19 16:59:59-04:00,2018763,263,5607.5,5542.0,5549.25,5579.5,5545.5
2024-07-22,118,ESU4,True,2024-07-21 18:00:00-04:00,2024-07-22 16:59:59-04:00,1613504,251,5616.0,5553.5,5610.25,5615.5,5586.5
2024-07-23,118,ESU4,True,2024-07-22 18:00:00-04:00,2024-07-23 16:59:59-04:00,1334122,169,5629.75,5587.75,5611.25,5622.75,5603.75
2024-07-24,118,ESU4,True,2024-07-23 18:00:00-04:00,2024-07-24 16:59:59-04:00,2051881,493,5585.0,5462.0,5479.75,5516.5,5462.5
2024-07-25,118,ESU4,True,2024-07-24 18:00:00-04:00,2024-07-25 16:59:59-04:00,2792598,404,5533.25,5432.5,5465.0,5503.0,5453.5
2024-07-26,118,ESU4,True,2024-07-25 18:00:00-04:00,2024-07-26 16:59:59-04:00,1889922,333,5528.25,5445.25,5499.75,5502.0,5477.0
2024-07-29,118,ESU4,True,2024-07-28 18:00:00-04:00,2024-07-29 16:59:58-04:00,1643601,215,5534.5,5481.0,5509.5,5517.75,5500.5
2024-07-30,118,ESU4,True,2024-07-29 18:00:00-04:00,2024-07-30 16:59:59-04:00,1983712,379,5527.5,5433.0,5469.25,5487.0,5438.25
2024-07-31,118,ESU4,True,2024-07-30 18:00:00-04:00,2024-07-31 16:59:59-04:00,2025076,549,5588.5,5451.5,5560.0,5573.0,5540.75
2024-08-01,118,ESU4,True,2024-07-31 18:00:00-04:00,2024-08-01 16:59:59-04:00,2660420,625,5600.75,5444.75,5467.0,5535.0,5445.75
2024-08-02,118,ESU4,True,2024-08-01 18:00:00-04:00,2024-08-02 16:59:59-04:00,3126523,567,5473.25,5331.75,5358.25,5377.5,5336.5
2024-08-05,118,ESU4,True,2024-08-04 18:00:00-04:00,2024-08-05 16:59:59-04:00,3274122,903,5345.5,5120.0,5205.0,5252.25,5197.5
2024-08-06,118,ESU4,True,2024-08-05 18:00:00-04:00,2024-08-06 16:59:59-04:00,2072145,482,5342.0,5221.75,5263.5,5311.5,5254.5
2024-08-07,118,ESU4,True,2024-08-06 18:00:00-04:00,2024-08-07 16:59:59-04:00,2137837,651,5359.25,5196.75,5228.0,5328.5,5222.5
2024-08-08,118,ESU4,True,2024-08-07 18:00:00-04:00,2024-08-08 16:59:58-04:00,1829173,717,5361.0,5182.0,5344.25,5361.0,5287.5
2024-08-09,118,ESU4,True,2024-08-08 18:00:00-04:00,2024-08-09 16:59:59-04:00,1348468,264,5385.25,5319.5,5368.75,5373.0,5343.75
2024-08-12,118,ESU4,True,2024-08-11 18:00:00-04:00,2024-08-12 16:59:59-04:00,1165031,197,5396.75,5347.75,5367.0,5379.75,5358.0
2024-08-13,118,ESU4,True,2024-08-12 18:00:00-04:00,2024-08-13 16:59:58-04:00,1197119,376,5461.25,5367.5,5451.0,5460.75,5412.75
2024-08-14,118,ESU4,True,2024-08-13 18:00:00-04:00,2024-08-14 16:59:59-04:00,1242877,197,5487.75,5438.75,5468.0,5473.75,5451.75
2024-08-15,118,ESU4,True,2024-08-14 18:00:00-04:00,2024-08-15 16:59:59-04:00,1345324,399,5571.75,5471.75,5568.25,5570.5,5536.5
2024-08-16,118,ESU4,True,2024-08-15 18:00:00-04:00,2024-08-16 16:59:59-04:00,1063220,200,5586.25,5536.5,5578.5,5583.0,5560.75
2024-08-19,118,ESU4,True,2024-08-18 18:00:00-04:00,2024-08-19 16:59:59-04:00,928933,267,5631.75,5565.25,5625.0,5631.75,5588.75
2024-08-20,118,ESU4,True,2024-08-19 18:00:00-04:00,2024-08-20 16:59:59-04:00,973379,145,5643.75,5607.75,5620.0,5630.25,5617.0
2024-08-21,118,ESU4,True,2024-08-20 18:00:00-04:00,2024-08-21 16:59:58-04:00,1012066,168,5655.25,5613.5,5635.0,5643.0,5628.25
2024-08-22,118,ESU4,True,2024-08-21 18:00:00-04:00,2024-08-22 16:59:59-04:00,1328832,331,5665.25,5582.75,5596.0,5633.0,5583.5
2024-08-23,118,ESU4,True,2024-08-22 18:00:00-04:00,2024-08-23 16:59:59-04:00,1344092,258,5662.25,5597.75,5649.75,5657.5,5626.25
2024-08-26,118,ESU4,True,2024-08-25 18:00:00-04:00,2024-08-26 16:59:59-04:00,1058168,198,5669.0,5619.75,5637.5,5649.5,5627.25
2024-08-27,118,ESU4,True,2024-08-26 18:00:00-04:00,2024-08-27 16:59:58-04:00,966256,153,5649.5,5611.5,5644.5,5648.25,5631.75
2024-08-28,118,ESU4,True,2024-08-27 18:00:00-04:00,2024-08-28 16:59:59-04:00,1307707,299,5650.5,5576.0,5606.0,5624.25,5583.25
2024-08-29,118,ESU4,True,2024-08-28 18:00:00-04:00,2024-08-29 16:59:59-04:00,1507624,411,5663.75,5561.25,5649.75,5662.25,5618.25
2024-08-30,118,ESU4,True,2024-08-29 18:00:00-04:00,2024-08-30 16:59:59-04:00,1454056,284,5665.0,5594.25,5659.0,5665.0,5620.5
2024-09-02,118,ESU4,False,2024-09-01 18:00:00-04:00,2024-09-02 12:59:59-04:00,106439,117,5667.0,5638.0,5653.5,5662.25,5648.75
2024-09-03,118,ESU4,True,2024-09-02 18:00:00-04:00,2024-09-03 16:59:59-04:00,1701720,613,5669.75,5516.75,5543.5,5587.5,5517.0
2024-09-04,118,ESU4,True,2024-09-03 18:00:00-04:00,2024-09-04 16:59:59-04:00,1689010,234,5565.0,5506.75,5535.0,5543.0,5521.0
2024-09-05,118,ESU4,True,2024-09-04 18:00:00-04:00,2024-09-05 16:59:59-04:00,1670035,270,5557.25,5490.0,5505.0,5528.5,5497.0
2024-09-06,118,ESU4,True,2024-09-05 18:00:00-04:00,2024-09-06 16:59:59-04:00,2257065,555,5532.5,5394.0,5420.5,5477.75,5411.0
2024-09-09,118,ESU4,True,2024-09-08 18:00:00-04:00,2024-09-09 16:59:58-04:00,1518526,352,5493.0,5405.25,5479.75,5482.0,5456.25
2024-09-10,118,ESU4,True,2024-09-09 18:00:00-04:00,2024-09-10 16:59:58-04:00,1454872,232,5506.0,5448.25,5479.25,5498.5,5469.75
2024-09-11,118,ESU4,True,2024-09-10 18:00:00-04:00,2024-09-11 16:59:58-04:00,2147673,623,5567.5,5412.0,5482.0,5521.25,5427.0
2024-09-12,118,ESU4,True,2024-09-11 18:00:00-04:00,2024-09-12 16:59:58-04:00,1515672,268,5607.0,5540.25,5600.25,5606.5,5565.25
2024-09-13,118,ESU4,True,2024-09-12 18:00:00-04:00,2024-09-13 16:59:57-04:00,1042422,178,5641.5,5597.25,5630.0,5637.0,5621.25
2024-09-16,183748,ESZ4,True,2024-09-15 18:00:00-04:00,2024-09-16 16:59:58-04:00,645285,134,5702.75,5669.5,5696.75,5699.5,5682.0
2024-09-17,183748,ESZ4,True,2024-09-16 18:00:00-04:00,2024-09-17 16:59:59-04:00,1115931,238,5737.0,5677.75,5719.75,5735.5,5697.25
2024-09-18,183748,ESZ4,True,2024-09-17 18:00:00-04:00,2024-09-18 16:59:59-04:00,1445385,323,5755.75,5675.25,5700.0,5712.75,5682.25
2024-09-19,183748,ESZ4,True,2024-09-18 18:00:00-04:00,2024-09-19 16:59:59-04:00,1498956,427,5797.5,5691.0,5778.0,5785.75,5765.75
2024-09-20,183748,ESZ4,True,2024-09-19 18:00:00-04:00,2024-09-20 16:59:58-04:00,1431283,174,5776.75,5733.5,5761.5,5768.0,5751.75
2024-09-23,183748,ESZ4,True,2024-09-22 18:00:00-04:00,2024-09-23 16:59:58-04:00,1013952,158,5784.5,5745.25,5776.25,5778.5,5768.75
2024-09-24,183748,ESZ4,True,2024-09-23 18:00:00-04:00,2024-09-24 16:59:59-04:00,1112379,159,5794.25,5754.75,5786.5,5793.25,5775.75
2024-09-25,183748,ESZ4,True,2024-09-24 18:00:00-04:00,2024-09-25 16:59:58-04:00,973085,124,5798.75,5768.0,5779.5,5790.5,5774.75
2024-09-26,183748,ESZ4,True,2024-09-25 18:00:00-04:00,2024-09-26 16:59:59-04:00,1275124,208,5830.0,5778.25,5802.5,5811.5,5789.0
2024-09-27,183748,ESZ4,True,2024-09-26 18:00:00-04:00,2024-09-27 16:59:59-04:00,1181898,159,5821.5,5782.0,5797.0,5808.5,5785.0
2024-09-30,183748,ESZ4,True,2024-09-29 18:00:00-04:00,2024-09-30 16:59:59-04:00,1353434,257,5820.25,5756.25,5785.25,5798.25,5775.0
2024-10-01,183748,ESZ4,True,2024-09-30 18:00:00-04:00,2024-10-01 16:59:59-04:00,1854538,359,5822.5,5733.0,5759.5,5772.5,5742.25
2024-10-02,183748,ESZ4,True,2024-10-01 18:00:00-04:00,2024-10-02 16:59:58-04:00,1190491,198,5773.25,5724.0,5761.75,5765.25,5746.75
2024-10-03,183748,ESZ4,True,2024-10-02 18:00:00-04:00,2024-10-03 16:59:59-04:00,1362601,189,5772.75,5725.75,5745.0,5753.25,5735.5
2024-10-04,183748,ESZ4,True,2024-10-03 18:00:00-04:00,2024-10-04 16:59:59-04:00,1375885,256,5804.75,5741.0,5795.0,5801.75,5767.5
2024-10-07,183748,ESZ4,True,2024-10-06 18:00:00-04:00,2024-10-07 16:59:59-04:00,1138694,296,5808.0,5734.25,5782.5,5808.0,5756.0
2024-10-08,183748,ESZ4,True,2024-10-07 18:00:00-04:00,2024-10-08 16:59:59-04:00,1085881,327,5806.75,5725.25,5798.0,5805.0,5774.0
2024-10-09,183748,ESZ4,True,2024-10-08 18:00:00-04:00,2024-10-09 16:59:59-04:00,1055904,264,5846.5,5780.75,5832.75,5846.25,5811.75
2024-10-10,183748,ESZ4,True,2024-10-09 18:00:00-04:00,2024-10-10 16:59:59-04:00,1057130,131,5844.0,5811.5,5829.0,5832.5,5820.75
2024-10-11,183748,ESZ4,True,2024-10-10 18:00:00-04:00,2024-10-11 16:59:59-04:00,956045,210,5868.25,5816.0,5860.0,5866.75,5850.25
2024-10-14,183748,ESZ4,True,2024-10-13 18:00:00-04:00,2024-10-14 16:59:59-04:00,841430,275,5918.5,5850.0,5908.0,5914.0,5894.0
2024-10-15,183748,ESZ4,True,2024-10-14 18:00:00-04:00,2024-10-15 16:59:58-04:00,1276558,263,5915.5,5850.0,5884.75,5893.25,5856.75
2024-10-16,183748,ESZ4,True,2024-10-15 18:00:00-04:00,2024-10-16 16:59:59-04:00,887122,159,5892.75,5853.25,5886.25,5892.0,5865.5
2024-10-17,183748,ESZ4,True,2024-10-16 18:00:00-04:00,2024-10-17 16:59:59-04:00,1163220,225,5927.25,5871.25,5905.0,5910.5,5889.75
2024-10-18,183748,ESZ4,True,2024-10-17 18:00:00-04:00,2024-10-18 16:59:59-04:00,880467,158,5915.5,5876.25,5906.5,5909.0,5895.0
2024-10-21,183748,ESZ4,True,2024-10-20 18:00:00-04:00,2024-10-21 16:59:59-04:00,1019423,203,5915.5,5865.0,5900.0,5905.25,5884.25
2024-10-22,183748,ESZ4,True,2024-10-21 18:00:00-04:00,2024-10-22 16:59:59-04:00,994781,173,5904.25,5861.25,5892.5,5900.5,5874.75
2024-10-23,183748,ESZ4,True,2024-10-22 18:00:00-04:00,2024-10-23 16:59:59-04:00,1404919,372,5893.75,5801.0,5837.5,5856.75,5801.75
2024-10-24,183748,ESZ4,True,2024-10-23 18:00:00-04:00,2024-10-24 16:59:59-04:00,1116645,191,5870.0,5822.5,5849.25,5853.75,5842.0
2024-10-25,183748,ESZ4,True,2024-10-24 18:00:00-04:00,2024-10-25 16:59:59-04:00,1295386,264,5900.75,5835.0,5845.25,5877.75,5835.75
2024-10-28,183748,ESZ4,True,2024-10-27 18:00:00-04:00,2024-10-28 16:59:58-04:00,985230,111,5884.5,5857.0,5870.0,5874.5,5863.0
2024-10-29,183748,ESZ4,True,2024-10-28 18:00:00-04:00,2024-10-29 16:59:59-04:00,1135051,186,5883.75,5837.5,5878.5,5882.25,5860.75
2024-10-30,183748,ESZ4,True,2024-10-29 18:00:00-04:00,2024-10-30 16:59:59-04:00,1282138,212,5893.0,5840.25,5878.75,5885.25,5860.0
2024-10-31,183748,ESZ4,True,2024-10-30 18:00:00-04:00,2024-10-31 16:59:59-04:00,1866447,444,5844.0,5733.25,5761.25,5776.75,5735.0
2024-11-01,183748,ESZ4,True,2024-10-31 18:00:00-04:00,2024-11-01 16:59:59-04:00,1516489,286,5803.75,5732.5,5760.5,5784.25,5752.5
2024-11-04,183748,ESZ4,True,2024-11-03 18:00:00-05:00,2024-11-04 16:59:59-05:00,1273164,210,5776.5,5724.25,5744.0,5761.5,5738.75
2024-11-05,183748,ESZ4,True,2024-11-04 18:00:00-05:00,2024-11-05 16:59:59-05:00,1140254,354,5823.25,5735.0,5801.0,5811.25,5781.75
2024-11-06,183748,ESZ4,True,2024-11-05 18:00:00-05:00,2024-11-06 16:59:59-05:00,1900812,610,5967.0,5814.75,5959.25,5962.75,5920.0
2024-11-07,183748,ESZ4,True,2024-11-06 18:00:00-05:00,2024-11-07 16:59:59-05:00,1209868,249,6013.0,5951.0,5994.75,6007.5,5985.5
2024-11-08,183748,ESZ4,True,2024-11-07 18:00:00-05:00,2024-11-08 16:59:59-05:00,1058723,202,6040.5,5990.25,6025.25,6037.25,6013.0
2024-11-11,183748,ESZ4,True,2024-11-10 18:00:00-05:00,2024-11-11 16:59:59-05:00,1012763,160,6053.25,6013.5,6035.5,6039.0,6024.5
2024-11-12,183748,ESZ4,True,2024-11-11 18:00:00-05:00,2024-11-12 16:59:59-05:00,1324473,200,6036.5,5986.75,6023.75,6027.0,6008.25
2024-11-13,183748,ESZ4,True,2024-11-12 18:00:00-05:00,2024-11-13 16:59:59-05:00,1360009,175,6035.25,5991.75,6016.0,6028.75,6008.25
2024-11-14,183748,ESZ4,True,2024-11-13 18:00:00-05:00,2024-11-14 16:59:59-05:00,1470847,245,6025.25,5964.25,6004.0,6023.25,5988.75
2024-11-15,183748,ESZ4,True,2024-11-14 18:00:00-05:00,2024-11-15 16:59:59-05:00,1838995,391,5974.25,5876.75,5893.0,5915.0,5880.5
2024-11-18,183748,ESZ4,True,2024-11-17 18:00:00-05:00,2024-11-18 16:59:59-05:00,1258264,187,5933.0,5886.5,5920.25,5924.25,5904.25
2024-11-19,183748,ESZ4,True,2024-11-18 18:00:00-05:00,2024-11-19 16:59:59-05:00,1534736,371,5947.5,5855.0,5938.75,5947.0,5896.25
2024-11-20,183748,ESZ4,True,2024-11-19 18:00:00-05:00,2024-11-20 16:59:59-05:00,1509842,312,5957.75,5880.0,5899.25,5926.25,5884.0
2024-11-21,183748,ESZ4,True,2024-11-20 18:00:00-05:00,2024-11-21 16:59:59-05:00,1777236,320,5985.0,5905.25,5970.0,5983.5,5935.5
2024-11-22,183748,ESZ4,True,2024-11-21 18:00:00-05:00,2024-11-22 16:59:59-05:00,1461523,212,5993.5,5940.75,5987.0,5991.0,5975.5
2024-11-25,183748,ESZ4,True,2024-11-24 18:00:00-05:00,2024-11-25 16:59:59-05:00,1527846,231,6040.0,5982.5,6012.5,6023.25,6001.5
2024-11-26,183748,ESZ4,True,2024-11-25 18:00:00-05:00,2024-11-26 16:59:59-05:00,1259000,272,6044.0,5976.25,6020.0,6035.0,6012.75
2024-11-27,183748,ESZ4,True,2024-11-26 18:00:00-05:00,2024-11-27 16:59:59-05:00,1084817,188,6047.0,6000.25,6015.0,6025.75,6005.0
2024-11-28,183748,ESZ4,False,2024-11-27 18:00:00-05:00,2024-11-28 12:59:59-05:00,99476,72,6032.5,6014.75,6023.0,6027.5,6019.25
2024-11-29,183748,ESZ4,False,2024-11-28 18:00:00-05:00,2024-11-29 13:14:59-05:00,685005,169,6060.0,6018.0,6051.75,6059.75,6035.0
2024-12-02,183748,ESZ4,True,2024-12-01 18:00:00-05:00,2024-12-02 16:59:59-05:00,929487,131,6068.5,6036.0,6062.0,6064.75,6054.5
2024-12-03,183748,ESZ4,True,2024-12-02 18:00:00-05:00,2024-12-03 16:59:59-05:00,920768,94,6070.75,6047.5,6062.5,6065.5,6055.0
2024-12-04,183748,ESZ4,True,2024-12-03 18:00:00-05:00,2024-12-04 16:59:58-05:00,1043841,158,6102.25,6063.0,6086.5,6089.25,6065.25
2024-12-05,183748,ESZ4,True,2024-12-04 18:00:00-05:00,2024-12-05 16:59:59-05:00,1036269,104,6107.25,6081.5,6093.25,6100.0,6091.75
2024-12-06,183748,ESZ4,True,2024-12-05 18:00:00-05:00,2024-12-06 16:59:59-05:00,1069346,141,6111.0,6076.0,6098.25,6102.25,6091.5
2024-12-09,183748,ESZ4,True,2024-12-08 18:00:00-05:00,2024-12-09 16:59:58-05:00,1258722,184,6105.75,6060.0,6074.5,6080.25,6060.25
2024-12-10,183748,ESZ4,True,2024-12-09 18:00:00-05:00,2024-12-10 16:59:59-05:00,1241687,143,6075.25,6039.75,6063.25,6073.75,6056.25
2024-12-11,183748,ESZ4,True,2024-12-10 18:00:00-05:00,2024-12-11 16:59:59-05:00,1165421,229,6102.5,6045.5,6096.0,6100.75,6084.0
2024-12-12,183748,ESZ4,True,2024-12-11 18:00:00-05:00,2024-12-12 16:59:59-05:00,1323954,132,6088.25,6055.5,6076.0,6087.25,6070.25
2024-12-13,183748,ESZ4,True,2024-12-12 18:00:00-05:00,2024-12-13 16:59:59-05:00,1158590,177,6085.25,6041.25,6055.5,6063.5,6041.5
2024-12-16,5002,ESH5,True,2024-12-15 18:00:00-05:00,2024-12-16 16:59:59-05:00,754546,168,6163.75,6122.0,6154.5,6155.5,6141.75
2024-12-17,5002,ESH5,True,2024-12-16 18:00:00-05:00,2024-12-17 16:59:59-05:00,1146708,155,6152.75,6114.25,6127.5,6135.0,6122.5
2024-12-18,5002,ESH5,True,2024-12-17 18:00:00-05:00,2024-12-18 16:59:59-05:00,2156834,967,6148.0,5906.5,6136.25,6148.0,6013.0
2024-12-19,5002,ESH5,True,2024-12-18 18:00:00-05:00,2024-12-19 16:59:59-05:00,2090299,297,6005.25,5931.25,5960.0,5986.25,5951.5
2024-12-20,5002,ESH5,True,2024-12-19 18:00:00-05:00,2024-12-20 16:59:59-05:00,2110389,740,6050.75,5866.0,6000.5,6050.5,5929.5
2024-12-23,5002,ESH5,True,2024-12-22 18:00:00-05:00,2024-12-23 16:59:58-05:00,1301862,313,6043.0,5965.0,6023.0,6033.0,5987.25
2024-12-24,5002,ESH5,False,2024-12-23 18:00:00-05:00,2024-12-24 13:14:59-05:00,581462,279,6099.5,6030.0,6079.0,6099.5,6063.75
2024-12-26,5002,ESH5,True,2024-12-25 18:00:00-05:00,2024-12-26 16:59:59-05:00,839842,178,6107.5,6063.25,6100.0,6105.0,6084.0
2024-12-27,5002,ESH5,True,2024-12-26 18:00:00-05:00,2024-12-27 16:59:59-05:00,1541163,451,6095.25,5982.75,6029.5,6032.5,5996.75
2024-12-30,5002,ESH5,True,2024-12-29 18:00:00-05:00,2024-12-30 16:59:58-05:00,1495243,473,6036.25,5918.25,5980.25,5990.0,5941.5
2024-12-31,5002,ESH5,True,2024-12-30 18:00:00-05:00,2024-12-31 16:59:59-05:00,1264866,265,5983.25,5917.25,5936.0,5953.5,5921.25
2025-01-02,5002,ESH5,True,2025-01-01 18:00:00-05:00,2025-01-02 16:59:58-05:00,1722272,483,5995.25,5874.75,5917.75,5949.75,5877.5
2025-01-03,5002,ESH5,True,2025-01-02 18:00:00-05:00,2025-01-03 16:59:59-05:00,1144557,343,5996.75,5911.25,5987.5,5992.75,5952.75
2025-01-06,5002,ESH5,True,2025-01-05 18:00:00-05:00,2025-01-06 16:59:59-05:00,1459436,351,6068.25,5980.75,6022.5,6050.5,6011.75
2025-01-07,5002,ESH5,True,2025-01-06 18:00:00-05:00,2025-01-07 16:59:58-05:00,1684632,443,6045.5,5935.0,5954.75,5997.5,5935.0
2025-01-08,5002,ESH5,True,2025-01-07 18:00:00-05:00,2025-01-08 16:59:59-05:00,1701689,233,5975.0,5917.0,5950.0,5961.5,5940.25
2025-01-09,5002,ESH5,False,2025-01-08 18:00:00-05:00,2025-01-09 09:29:59-05:00,113315,112,5957.0,5929.25,5949.0,5954.0,5943.75
2025-01-10,5002,ESH5,True,2025-01-09 18:00:00-05:00,2025-01-10 16:59:59-05:00,2005147,457,5959.25,5845.25,5864.0,5894.25,5854.25
2025-01-13,5002,ESH5,True,2025-01-12 18:00:00-05:00,2025-01-13 16:59:59-05:00,1698832,298,5883.25,5809.0,5830.0,5854.25,5811.5
2025-01-14,5002,ESH5,True,2025-01-13 18:00:00-05:00,2025-01-14 16:59:59-05:00,1778379,305,5918.5,5842.5,5890.5,5907.0,5866.5
2025-01-15,5002,ESH5,True,2025-01-14 18:00:00-05:00,2025-01-15 16:59:59-05:00,1558016,467,6001.25,5879.5,5988.25,5990.75,5963.5
2025-01-16,5002,ESH5,True,2025-01-15 18:00:00-05:00,2025-01-16 16:59:59-05:00,1508509,224,6017.5,5961.75,5985.75,5996.75,5979.75
2025-01-17,5002,ESH5,True,2025-01-16 18:00:00-05:00,2025-01-17 16:59:59-05:00,1325151,335,6051.5,5968.0,6033.5,6043.5,6021.5
2025-01-20,5002,ESH5,False,2025-01-19 18:00:00-05:00,2025-01-20 12:59:59-05:00,273320,242,6078.25,6018.0,6059.5,6062.0,6029.75
2025-01-21,5002,ESH5,True,2025-01-20 18:00:00-05:00,2025-01-21 16:59:59-05:00,1372723,396,6093.25,5994.5,6081.75,6093.0,6058.75
2025-01-22,5002,ESH5,True,2025-01-21 18:00:00-05:00,2025-01-22 16:59:59-05:00,1153613,196,6135.75,6087.0,6126.0,6133.25,6119.75
2025-01-23,5002,ESH5,True,2025-01-22 18:00:00-05:00,2025-01-23 16:59:58-05:00,1070237,211,6154.0,6101.5,6134.25,6145.0,6114.75
2025-01-24,5002,ESH5,True,2025-01-23 18:00:00-05:00,2025-01-24 16:59:59-05:00,1185999,162,6162.25,6122.0,6148.5,6159.5,6134.0
2025-01-27,5002,ESH5,True,2025-01-26 18:00:00-05:00,2025-01-27 16:59:59-05:00,2286777,630,6105.25,5948.0,6026.25,6042.75,6012.75
2025-01-28,5002,ESH5,True,2025-01-27 18:00:00-05:00,2025-01-28 16:59:59-05:00,1524081,329,6105.5,6023.5,6090.0,6104.25,6062.5
2025-01-29,5002,ESH5,True,2025-01-28 18:00:00-05:00,2025-01-29 16:59:59-05:00,1498760,278,6111.5,6042.25,6081.5,6085.75,6063.25
2025-01-30,5002,ESH5,True,2025-01-29 18:00:00-05:00,2025-01-30 16:59:59-05:00,1539638,240,6116.25,6056.5,6099.0,6103.0,6078.5
2025-01-31,5002,ESH5,True,2025-01-30 18:00:00-05:00,2025-01-31 16:59:59-05:00,1768050,361,6147.75,6057.75,6068.0,6126.75,6059.75
2025-02-03,5002,ESH5,True,2025-02-02 18:00:00-05:00,2025-02-03 16:59:59-05:00,2239641,507,6062.0,5935.5,6022.5,6060.5,5974.5
2025-02-04,5002,ESH5,True,2025-02-03 18:00:00-05:00,2025-02-04 16:59:59-05:00,1273359,329,6069.0,5987.0,6063.75,6067.25,6043.5
2025-02-05,5002,ESH5,True,2025-02-04 18:00:00-05:00,2025-02-05 16:59:59-05:00,1145043,288,6092.0,6020.25,6075.75,6091.25,6048.5
2025-02-06,5002,ESH5,True,2025-02-05 18:00:00-05:00,2025-02-06 16:59:59-05:00,1111648,155,6108.5,6070.0,6099.5,6102.5,6090.0
2025-02-07,5002,ESH5,True,2025-02-06 18:00:00-05:00,2025-02-07 16:59:59-05:00,1613055,329,6123.25,6041.25,6049.0,6083.75,6044.0
2025-02-10,5002,ESH5,True,2025-02-09 18:00:00-05:00,2025-02-10 16:59:59-05:00,961323,329,6096.0,6014.0,6088.5,6093.5,6079.75
2025-02-11,5002,ESH5,True,2025-02-10 18:00:00-05:00,2025-02-11 16:59:58-05:00,984735,165,6098.75,6057.75,6088.0,6096.25,6075.75
2025-02-12,5002,ESH5,True,2025-02-11 18:00:00-05:00,2025-02-12 16:59:59-05:00,1483378,309,6098.0,6020.75,6072.5,6081.25,6045.0
2025-02-13,5002,ESH5,True,2025-02-12 18:00:00-05:00,2025-02-13 16:59:59-05:00,1444964,339,6138.0,6053.5,6132.5,6138.0,6096.25
2025-02-14,5002,ESH5,True,2025-02-13 18:00:00-05:00,2025-02-14 16:59:59-05:00,964978,103,6146.75,6121.25,6135.0,6139.0,6130.5
2025-02-17,5002,ESH5,False,2025-02-16 18:00:00-05:00,2025-02-17 12:59:59-05:00,98167,66,6147.25,6131.0,6145.0,6146.75,6139.25
2025-02-18,5002,ESH5,True,2025-02-17 18:00:00-05:00,2025-02-18 16:59:58-05:00,1048440,159,6157.75,6118.25,6132.0,6142.25,6129.0
2025-02-19,5002,ESH5,True,2025-02-18 18:00:00-05:00,2025-02-19 16:59:59-05:00,1025886,150,6166.5,6129.25,6163.0,6165.0,6141.0
2025-02-20,5002,ESH5,True,2025-02-19 18:00:00-05:00,2025-02-20 16:59:59-05:00,1337811,228,6159.5,6102.75,6137.25,6138.75,6111.75
2025-02-21,5002,ESH5,True,2025-02-20 18:00:00-05:00,2025-02-21 16:59:59-05:00,1828407,473,6142.5,6024.5,6030.25,6097.5,6024.75
2025-02-24,5002,ESH5,True,2025-02-23 18:00:00-05:00,2025-02-24 16:59:59-05:00,1735866,293,6067.5,5994.5,6002.25,6038.25,5998.75
2025-02-25,5002,ESH5,True,2025-02-24 18:00:00-05:00,2025-02-25 16:59:58-05:00,2148090,369,6016.0,5924.0,5970.75,5990.0,5945.75
2025-02-26,5002,ESH5,True,2025-02-25 18:00:00-05:00,2025-02-26 16:59:59-05:00,1849194,314,6023.75,5945.5,5972.25,6009.25,5957.5
2025-02-27,5002,ESH5,True,2025-02-26 18:00:00-05:00,2025-02-27 16:59:59-05:00,2500310,567,6014.5,5873.0,5970.0,6009.0,5937.5
2025-02-28,5002,ESH5,True,2025-02-27 18:00:00-05:00,2025-02-28 16:59:59-05:00,2668825,493,5971.0,5848.0,5890.0,5912.25,5868.5
2025-03-03,5002,ESH5,True,2025-03-02 18:00:00-05:00,2025-03-03 16:59:59-05:00,2518379,716,6000.5,5821.75,5956.0,6000.0,5906.75
2025-03-04,5002,ESH5,True,2025-03-03 18:00:00-05:00,2025-03-04 16:59:59-05:00,3241741,561,5884.0,5744.0,5790.0,5827.5,5759.0
2025-03-05,5002,ESH5,True,2025-03-04 18:00:00-05:00,2025-03-05 16:59:59-05:00,2215437,476,5869.5,5750.75,5851.25,5867.75,5793.75
2025-03-06,5002,ESH5,True,2025-03-05 18:00:00-05:00,2025-03-06 16:59:59-05:00,2471302,535,5853.5,5720.0,5746.75,5786.5,5725.5
2025-03-07,5002,ESH5,True,2025-03-06 18:00:00-05:00,2025-03-07 16:59:59-05:00,2232709,473,5791.0,5673.0,5769.0,5782.25,5728.25
2025-03-10,5002,ESH5,True,2025-03-09 18:00:00-04:00,2025-03-10 16:59:59-04:00,2441160,746,5757.75,5571.5,5623.5,5681.75,5603.75
2025-03-11,5002,ESH5,True,2025-03-10 18:00:00-04:00,2025-03-11 16:59:59-04:00,2493417,472,5651.75,5534.0,5600.0,5623.5,5568.0
2025-03-12,5002,ESH5,True,2025-03-11 18:00:00-04:00,2025-03-12 16:59:59-04:00,1850732,500,5675.0,5550.25,5605.0,5627.0,5590.75
2025-03-13,5002,ESH5,True,2025-03-12 18:00:00-04:00,2025-03-13 16:59:59-04:00,1879365,456,5623.0,5509.25,5540.0,5575.25,5513.75
2025-03-14,5002,ESH5,True,2025-03-13 18:00:00-04:00,2025-03-14 16:59:59-04:00,1549888,441,5648.75,5538.75,5631.0,5648.75,5589.75
2025-03-17,4916,ESM5,True,2025-03-16 18:00:00-04:00,2025-03-17 16:59:59-04:00,813234,434,5759.75,5651.5,5732.75,5759.5,5706.0
2025-03-18,4916,ESM5,True,2025-03-17 18:00:00-04:00,2025-03-18 16:59:59-04:00,1184024,351,5738.25,5650.75,5670.5,5677.0,5658.5
2025-03-19,4916,ESM5,True,2025-03-18 18:00:00-04:00,2025-03-19 16:59:59-04:00,1330158,453,5770.5,5657.5,5730.0,5750.0,5695.25
2025-03-20,4916,ESM5,True,2025-03-19 18:00:00-04:00,2025-03-20 16:59:59-04:00,1507187,332,5765.25,5682.5,5714.0,5737.25,5685.75
2025-03-21,4916,ESM5,True,2025-03-20 18:00:00-04:00,2025-03-21 16:59:59-04:00,1465206,291,5723.75,5651.25,5672.0,5699.0,5652.0
2025-03-24,4916,ESM5,True,2025-03-23 18:00:00-04:00,2025-03-24 16:59:59-04:00,1338644,347,5825.5,5739.0,5814.0,5819.5,5798.0
2025-03-25,4916,ESM5,True,2025-03-24 18:00:00-04:00,2025-03-25 16:59:59-04:00,1016009,141,5837.25,5802.25,5826.5,5829.0,5814.75
2025-03-26,4916,ESM5,True,2025-03-25 18:00:00-04:00,2025-03-26 16:59:59-04:00,1414062,375,5836.5,5743.0,5759.25,5805.5,5743.0
2025-03-27,4916,ESM5,True,2025-03-26 18:00:00-04:00,2025-03-27 16:59:59-04:00,1510819,240,5779.75,5720.0,5750.0,5762.5,5739.0
2025-03-28,4916,ESM5,True,2025-03-27 18:00:00-04:00,2025-03-28 16:59:59-04:00,1823505,583,5747.75,5602.25,5624.0,5663.5,5606.25
2025-03-31,4916,ESM5,True,2025-03-30 18:00:00-04:00,2025-03-31 16:59:58-04:00,2096889,557,5672.75,5533.75,5655.75,5672.5,5580.5
2025-04-01,4916,ESM5,True,2025-03-31 18:00:00-04:00,2025-04-01 16:59:59-04:00,1811022,379,5694.75,5600.25,5675.25,5682.0,5636.0
2025-04-02,4916,ESM5,True,2025-04-01 18:00:00-04:00,2025-04-02 16:59:59-04:00,1987548,829,5773.25,5566.25,5690.0,5724.25,5655.5
2025-04-03,4916,ESM5,True,2025-04-02 18:00:00-04:00,2025-04-03 16:59:59-04:00,2345446,599,5564.75,5415.25,5482.0,5532.25,5464.5
2025-04-04,4916,ESM5,True,2025-04-03 18:00:00-04:00,2025-04-04 16:59:59-04:00,3446574,1445,5435.0,5074.0,5110.0,5267.25,5102.0
2025-04-07,4916,ESM5,True,2025-04-06 18:00:00-04:00,2025-04-07 16:59:58-04:00,3502803,1797,5286.5,4832.0,5007.0,5141.0,4959.75
2025-04-08,4916,ESM5,True,2025-04-07 18:00:00-04:00,2025-04-08 16:59:59-04:00,2320854,1460,5305.25,4940.5,5018.5,5215.0,4940.75
2025-04-09,4916,ESM5,True,2025-04-08 18:00:00-04:00,2025-04-09 16:59:59-04:00,2866085,2594,5520.0,4871.75,5400.0,5520.0,5028.5
2025-04-10,4916,ESM5,True,2025-04-09 18:00:00-04:00,2025-04-10 16:59:59-04:00,2384258,1529,5528.75,5146.75,5302.0,5407.25,5254.5
2025-04-11,4916,ESM5,True,2025-04-10 18:00:00-04:00,2025-04-11 16:59:59-04:00,1673916,850,5418.25,5206.0,5392.0,5408.0,5304.25
2025-04-14,4916,ESM5,True,2025-04-13 18:00:00-04:00,2025-04-14 16:59:59-04:00,1242504,428,5497.75,5391.0,5465.0,5483.0,5432.5
2025-04-15,4916,ESM5,True,2025-04-14 18:00:00-04:00,2025-04-15 16:59:59-04:00,1109820,289,5485.0,5413.0,5428.0,5458.25,5424.0
2025-04-16,4916,ESM5,True,2025-04-15 18:00:00-04:00,2025-04-16 16:59:59-04:00,1482359,697,5425.0,5251.0,5306.0,5368.25,5251.0
2025-04-17,4916,ESM5,True,2025-04-16 18:00:00-04:00,2025-04-17 16:59:59-04:00,1297520,344,5371.25,5285.5,5325.0,5340.0,5308.75
2025-04-21,4916,ESM5,True,2025-04-20 18:00:00-04:00,2025-04-21 16:59:59-04:00,1137607,717,5306.75,5127.25,5183.5,5197.5,5128.25
2025-04-22,4916,ESM5,True,2025-04-21 18:00:00-04:00,2025-04-22 16:59:59-04:00,1502177,671,5339.25,5171.75,5314.25,5327.25,5271.25
2025-04-23,4916,ESM5,True,2025-04-22 18:00:00-04:00,2025-04-23 16:59:59-04:00,1750152,489,5499.75,5377.75,5397.5,5453.5,5386.0
2025-04-24,4916,ESM5,True,2025-04-23 18:00:00-04:00,2025-04-24 16:59:58-04:00,1345936,746,5541.5,5355.25,5497.5,5525.0,5458.0
2025-04-25,4916,ESM5,True,2025-04-24 18:00:00-04:00,2025-04-25 16:59:59-04:00,1266517,329,5562.25,5480.25,5550.75,5553.5,5511.75
2025-04-28,4916,ESM5,True,2025-04-27 18:00:00-04:00,2025-04-28 16:59:59-04:00,1133514,348,5578.75,5492.0,5550.0,5566.25,5521.25
2025-04-29,4916,ESM5,True,2025-04-28 18:00:00-04:00,2025-04-29 16:59:59-04:00,1166343,304,5597.25,5521.5,5588.75,5597.0,5557.0
2025-04-30,4916,ESM5,True,2025-04-29 18:00:00-04:00,2025-04-30 16:59:58-04:00,1712353,684,5626.25,5455.5,5530.0,5600.0,5512.25
2025-05-01,4916,ESM5,True,2025-04-30 18:00:00-04:00,2025-05-01 16:59:59-04:00,1307005,324,5682.5,5601.75,5646.75,5663.0,5635.0
2025-05-02,4916,ESM5,True,2025-05-01 18:00:00-04:00,2025-05-02 16:59:59-04:00,1313536,496,5724.75,5601.0,5709.0,5721.25,5690.0
2025-05-05,4916,ESM5,True,2025-05-04 18:00:00-04:00,2025-05-05 16:59:59-04:00,952959,205,5706.25,5655.25,5671.5,5689.5,5660.25
2025-05-06,4916,ESM5,True,2025-05-05 18:00:00-04:00,2025-05-06 16:59:59-04:00,1246969,274,5673.25,5605.0,5625.0,5646.75,5622.0
2025-05-07,4916,ESM5,True,2025-05-06 18:00:00-04:00,2025-05-07 16:59:59-04:00,1327802,376,5689.75,5596.0,5649.0,5654.75,5626.75
2025-05-08,4916,ESM5,True,2025-05-07 18:00:00-04:00,2025-05-08 16:59:59-04:00,1353318,419,5741.0,5636.5,5686.0,5723.0,5668.0
2025-05-09,4916,ESM5,True,2025-05-08 18:00:00-04:00,2025-05-09 16:59:59-04:00,982928,212,5715.25,5662.5,5677.75,5690.5,5672.5
2025-05-12,4916,ESM5,True,2025-05-11 18:00:00-04:00,2025-05-12 16:59:59-04:00,1672906,569,5876.25,5734.25,5854.5,5862.0,5825.75
2025-05-13,4916,ESM5,True,2025-05-12 18:00:00-04:00,2025-05-13 16:59:59-04:00,1261179,366,5927.0,5835.75,5915.25,5924.0,5898.25
2025-05-14,4916,ESM5,True,2025-05-13 18:00:00-04:00,2025-05-14 16:59:59-04:00,1141223,141,5925.0,5890.0,5908.0,5913.5,5901.0
2025-05-15,4916,ESM5,True,2025-05-14 18:00:00-04:00,2025-05-15 16:59:59-04:00,1224316,311,5944.5,5867.0,5927.5,5944.25,5899.0
2025-05-16,4916,ESM5,True,2025-05-15 18:00:00-04:00,2025-05-16 16:59:59-04:00,1073557,219,5977.5,5923.0,5974.75,5977.0,5942.5
2025-05-19,4916,ESM5,True,2025-05-18 18:00:00-04:00,2025-05-19 16:59:59-04:00,1184753,380,5987.5,5892.75,5969.0,5986.25,5950.5
2025-05-20,4916,ESM5,True,2025-05-19 18:00:00-04:00,2025-05-20 16:59:59-04:00,1060555,268,5993.5,5926.75,5960.0,5969.75,5953.0
2025-05-21,4916,ESM5,True,2025-05-20 18:00:00-04:00,2025-05-21 16:59:59-04:00,1469883,443,5958.25,5847.75,5948.0,5955.75,5883.75
2025-05-22,4916,ESM5,True,2025-05-21 18:00:00-04:00,2025-05-22 16:59:59-04:00,1356015,266,5895.0,5828.75,5857.25,5876.0,5852.75
2025-05-23,4916,ESM5,True,2025-05-22 18:00:00-04:00,2025-05-23 16:59:59-04:00,1460527,463,5872.0,5756.5,5816.0,5835.75,5793.0
2025-05-26,4916,ESM5,False,2025-05-25 18:00:00-04:00,2025-05-26 12:59:59-04:00,138278,328,5895.0,5813.0,5883.5,5893.0,5871.75
2025-05-27,4916,ESM5,True,2025-05-26 18:00:00-04:00,2025-05-27 16:59:59-04:00,1087526,318,5941.75,5862.5,5926.75,5941.5,5904.5
2025-05-28,4916,ESM5,True,2025-05-27 18:00:00-04:00,2025-05-28 16:59:59-04:00,1126920,251,5952.5,5890.0,5922.5,5934.5,5911.25
2025-05-29,4916,ESM5,True,2025-05-28 18:00:00-04:00,2025-05-29 16:59:59-04:00,1368455,497,6008.0,5884.0,5915.0,5944.25,5907.75
2025-05-30,4916,ESM5,True,2025-05-29 18:00:00-04:00,2025-05-30 16:59:59-04:00,1547745,319,5932.75,5853.25,5916.5,5924.25,5895.0
2025-06-02,4916,ESM5,True,2025-06-01 18:00:00-04:00,2025-06-02 16:59:59-04:00,1150295,353,5955.5,5867.5,5905.0,5925.0,5881.5
2025-06-03,4916,ESM5,True,2025-06-02 18:00:00-04:00,2025-06-03 16:59:59-04:00,1108861,329,5991.25,5909.25,5981.5,5991.0,5954.25
2025-06-04,4916,ESM5,True,2025-06-03 18:00:00-04:00,2025-06-04 16:59:59-04:00,1046673,101,5999.0,5974.0,5989.0,5997.0,5984.5
2025-06-05,4916,ESM5,True,2025-06-04 18:00:00-04:00,2025-06-05 16:59:59-04:00,1511632,352,6016.5,5928.75,5970.0,5997.75,5961.0
2025-06-06,4916,ESM5,True,2025-06-05 18:00:00-04:00,2025-06-06 16:59:59-04:00,1212805,381,6025.0,5930.0,6013.75,6019.0,6000.0
2025-06-09,4916,ESM5,True,2025-06-08 18:00:00-04:00,2025-06-09 16:59:59-04:00,830624,143,6027.75,5992.25,6009.0,6020.5,6006.0
2025-06-10,4916,ESM5,True,2025-06-09 18:00:00-04:00,2025-06-10 16:59:59-04:00,1000226,234,6049.5,5991.25,6026.0,6038.75,6016.25
2025-06-11,4916,ESM5,True,2025-06-10 18:00:00-04:00,2025-06-11 16:59:58-04:00,1469130,275,6074.75,6006.25,6028.0,6051.5,6016.5
2025-06-12,4916,ESM5,True,2025-06-11 18:00:00-04:00,2025-06-12 16:59:59-04:00,1141585,255,6051.25,5987.75,6044.0,6051.0,6028.5
2025-06-13,4916,ESM5,True,2025-06-12 18:00:00-04:00,2025-06-13 16:59:59-04:00,1518020,470,6045.0,5927.5,5980.25,6009.25,5968.75
2025-06-16,14160,ESU5,True,2025-06-15 18:00:00-04:00,2025-06-16 16:59:58-04:00,757791,437,6109.0,6000.0,6091.0,6102.25,6082.25
2025-06-17,14160,ESU5,True,2025-06-16 18:00:00-04:00,2025-06-17 16:59:58-04:00,1161452,254,6093.5,6030.25,6038.5,6068.25,6033.75
2025-06-18,14160,ESU5,True,2025-06-17 18:00:00-04:00,2025-06-18 16:59:59-04:00,1112966,225,6073.75,6017.75,6057.0,6063.75,6038.0
2025-06-19,14160,ESU5,False,2025-06-18 18:00:00-04:00,2025-06-19 12:59:59-04:00,228053,276,6038.25,5969.5,5982.75,6008.5,5973.75
2025-06-20,14160,ESU5,True,2025-06-19 18:00:00-04:00,2025-06-20 16:59:59-04:00,1303785,319,6071.0,5991.5,6025.0,6033.0,6008.5
2025-06-23,14160,ESU5,True,2025-06-22 18:00:00-04:00,2025-06-23 16:59:59-04:00,1299047,491,6081.5,5959.0,6076.75,6081.25,6026.5
2025-06-24,14160,ESU5,True,2025-06-23 18:00:00-04:00,2025-06-24 16:59:58-04:00,1001331,321,6155.25,6075.25,6146.75,6154.75,6124.5
2025-06-25,14160,ESU5,True,2025-06-24 18:00:00-04:00,2025-06-25 16:59:58-04:00,857467,119,6160.25,6130.75,6146.0,6150.25,6137.25
2025-06-26,14160,ESU5,True,2025-06-25 18:00:00-04:00,2025-06-26 16:59:59-04:00,961962,236,6200.0,6141.25,6191.75,6199.75,6176.25
2025-06-27,14160,ESU5,True,2025-06-26 18:00:00-04:00,2025-06-27 16:59:59-04:00,1267623,224,6239.0,6183.25,6224.75,6230.5,6202.75
2025-06-30,14160,ESU5,True,2025-06-29 18:00:00-04:00,2025-06-30 16:59:59-04:00,1252373,170,6265.5,6223.25,6239.25,6250.75,6232.75
2025-07-01,14160,ESU5,True,2025-06-30 18:00:00-04:00,2025-07-01 16:59:59-04:00,1264812,138,6261.5,6227.25,6248.5,6255.0,6240.0
2025-07-02,14160,ESU5,True,2025-07-01 18:00:00-04:00,2025-07-02 16:59:59-04:00,985870,177,6279.5,6235.5,6275.25,6276.25,6257.0
2025-07-03,14160,ESU5,False,2025-07-02 18:00:00-04:00,2025-07-03 13:14:59-04:00,677892,252,6333.25,6270.5,6324.0,6333.25,6306.5
2025-07-04,14160,ESU5,False,2025-07-03 18:00:00-04:00,2025-07-04 12:59:59-04:00,121928,186,6322.75,6276.5,6286.0,6296.5,6280.0
2025-07-07,14160,ESU5,True,2025-07-06 18:00:00-04:00,2025-07-07 16:59:58-04:00,1193222,276,6315.0,6246.25,6269.5,6290.0,6246.75
2025-07-08,14160,ESU5,True,2025-07-07 18:00:00-04:00,2025-07-08 16:59:58-04:00,1030924,139,6289.0,6254.5,6271.0,6279.25,6269.5
2025-07-09,14160,ESU5,True,2025-07-08 18:00:00-04:00,2025-07-09 16:59:59-04:00,1091643,222,6315.25,6260.0,6307.75,6312.75,6288.0
2025-07-10,14160,ESU5,True,2025-07-09 18:00:00-04:00,2025-07-10 16:59:59-04:00,888639,193,6335.5,6287.5,6323.5,6335.0,6306.5
2025-07-11,14160,ESU5,True,2025-07-10 18:00:00-04:00,2025-07-11 16:59:59-04:00,1048760,215,6330.25,6276.75,6299.5,6309.5,6295.25
2025-07-14,14160,ESU5,True,2025-07-13 18:00:00-04:00,2025-07-14 16:59:59-04:00,878697,222,6315.0,6259.75,6311.25,6314.5,6292.0
2025-07-15,14160,ESU5,True,2025-07-14 18:00:00-04:00,2025-07-15 16:59:59-04:00,1230553,283,6343.0,6272.5,6305.25,6337.0,6300.25
2025-07-16,14160,ESU5,True,2025-07-15 18:00:00-04:00,2025-07-16 16:59:59-04:00,1410352,272,6308.75,6241.0,6283.5,6300.75,6271.75
2025-07-17,14160,ESU5,True,2025-07-16 18:00:00-04:00,2025-07-17 16:59:59-04:00,982116,230,6345.5,6288.25,6341.75,6345.25,6318.5
2025-07-18,14160,ESU5,True,2025-07-17 18:00:00-04:00,2025-07-18 16:59:59-04:00,976986,136,6357.0,6323.25,6335.0,6338.25,6324.5
2025-07-21,14160,ESU5,True,2025-07-20 18:00:00-04:00,2025-07-21 16:59:58-04:00,892768,178,6374.0,6329.75,6368.25,6374.0,6350.0
2025-07-22,14160,ESU5,True,2025-07-21 18:00:00-04:00,2025-07-22 16:59:59-04:00,1092434,141,6353.75,6318.75,6348.25,6352.0,6334.25
2025-07-23,14160,ESU5,True,2025-07-22 18:00:00-04:00,2025-07-23 16:59:59-04:00,1149955,259,6407.25,6342.75,6389.5,6402.75,6366.25
2025-07-24,14160,ESU5,True,2025-07-23 18:00:00-04:00,2025-07-24 16:59:59-04:00,1020620,108,6418.25,6391.5,6401.5,6411.0,6399.75
2025-07-25,14160,ESU5,True,2025-07-24 18:00:00-04:00,2025-07-25 16:59:59-04:00,773328,121,6431.0,6401.0,6425.75,6430.75,6411.75
2025-07-28,14160,ESU5,True,2025-07-27 18:00:00-04:00,2025-07-28 16:59:59-04:00,914269,197,6457.75,6408.75,6423.0,6432.75,6416.5
2025-07-29,14160,ESU5,True,2025-07-28 18:00:00-04:00,2025-07-29 16:59:59-04:00,1075649,186,6442.5,6396.25,6406.0,6421.75,6398.75
2025-07-30,14160,ESU5,True,2025-07-29 18:00:00-04:00,2025-07-30 16:59:58-04:00,1234572,275,6435.25,6366.75,6418.0,6429.0,6395.75
2025-07-31,14160,ESU5,True,2025-07-30 18:00:00-04:00,2025-07-31 16:59:59-04:00,1749384,445,6468.5,6357.5,6374.5,6432.0,6360.0
2025-08-01,14160,ESU5,True,2025-07-31 18:00:00-04:00,2025-08-01 16:59:59-04:00,2203005,537,6373.5,6239.5,6264.5,6285.5,6249.5
2025-08-04,14160,ESU5,True,2025-08-03 18:00:00-04:00,2025-08-04 16:59:59-04:00,1226025,476,6370.0,6251.25,6346.25,6357.75,6330.25
2025-08-05,14160,ESU5,True,2025-08-04 18:00:00-04:00,2025-08-05 16:59:59-04:00,1354868,249,6377.5,6315.5,6326.0,6343.75,6316.75
2025-08-06,14160,ESU5,True,2025-08-05 18:00:00-04:00,2025-08-06 16:59:59-04:00,1167165,266,6379.5,6313.25,6371.0,6378.5,6341.75
2025-08-07,14160,ESU5,True,2025-08-06 18:00:00-04:00,2025-08-07 16:59:59-04:00,1394919,370,6426.75,6334.5,6370.0,6382.5,6338.75
2025-08-08,14160,ESU5,True,2025-08-07 18:00:00-04:00,2025-08-08 16:59:59-04:00,1133083,227,6425.75,6369.25,6414.25,6417.5,6400.0
2025-08-11,14160,ESU5,True,2025-08-10 18:00:00-04:00,2025-08-11 16:59:59-04:00,1031724,177,6431.5,6387.5,6413.75,6423.0,6404.5
2025-08-12,14160,ESU5,True,2025-08-11 18:00:00-04:00,2025-08-12 16:59:57-04:00,1220130,316,6470.0,6391.25,6467.75,6469.75,6430.5
2025-08-13,14160,ESU5,True,2025-08-12 18:00:00-04:00,2025-08-13 16:59:57-04:00,1056829,167,6502.5,6461.0,6480.5,6487.25,6467.75
2025-08-14,14160,ESU5,True,2025-08-13 18:00:00-04:00,2025-08-14 16:59:59-04:00,1142241,172,6496.0,6453.25,6485.25,6495.0,6476.25
2025-08-15,14160,ESU5,True,2025-08-14 18:00:00-04:00,2025-08-15 16:59:59-04:00,1052626,190,6508.75,6461.5,6471.75,6482.0,6469.25
2025-08-18,14160,ESU5,True,2025-08-17 18:00:00-04:00,2025-08-18 16:59:59-04:00,827678,114,6484.25,6456.0,6469.0,6470.25,6463.0
2025-08-19,14160,ESU5,True,2025-08-18 18:00:00-04:00,2025-08-19 16:59:59-04:00,1167169,234,6477.5,6419.25,6432.75,6457.5,6421.0
2025-08-20,14160,ESU5,True,2025-08-19 18:00:00-04:00,2025-08-20 16:59:58-04:00,1526023,302,6438.0,6362.75,6413.75,6428.25,6391.25
2025-08-21,14160,ESU5,True,2025-08-20 18:00:00-04:00,2025-08-21 16:59:58-04:00,1156403,196,6419.0,6370.25,6388.0,6400.5,6383.25
2025-08-22,14160,ESU5,True,2025-08-21 18:00:00-04:00,2025-08-22 16:59:59-04:00,1349303,530,6496.25,6364.0,6484.0,6493.75,6470.25
2025-08-25,14160,ESU5,True,2025-08-24 18:00:00-04:00,2025-08-25 16:59:59-04:00,899405,162,6494.0,6453.0,6471.75,6479.5,6466.5
2025-08-26,14160,ESU5,True,2025-08-25 18:00:00-04:00,2025-08-26 16:59:59-04:00,1044395,228,6487.5,6430.75,6456.0,6468.75,6444.5
2025-08-27,14160,ESU5,True,2025-08-26 18:00:00-04:00,2025-08-27 16:59:59-04:00,915898,186,6505.5,6459.25,6492.25,6498.0,6481.25
2025-08-28,14160,ESU5,True,2025-08-27 18:00:00-04:00,2025-08-28 16:59:59-04:00,1097818,209,6523.0,6471.0,6517.25,6522.75,6496.25
2025-08-29,14160,ESU5,True,2025-08-28 18:00:00-04:00,2025-08-29 16:59:59-04:00,1273125,251,6518.0,6455.5,6470.5,6475.5,6461.75
2025-09-01,14160,ESU5,False,2025-08-31 18:00:00-04:00,2025-09-01 12:59:59-04:00,117583,129,6491.5,6459.5,6478.25,6484.0,6471.75
2025-09-02,14160,ESU5,True,2025-09-01 18:00:00-04:00,2025-09-02 16:59:59-04:00,1615511,443,6482.25,6371.75,6426.75,6427.5,6391.0
2025-09-03,14160,ESU5,True,2025-09-02 18:00:00-04:00,2025-09-03 16:59:59-04:00,1386266,156,6464.25,6425.5,6450.0,6458.25,6436.75
2025-09-04,14160,ESU5,True,2025-09-03 18:00:00-04:00,2025-09-04 16:59:58-04:00,1115145,250,6516.75,6454.5,6511.0,6516.5,6472.25
2025-09-05,14160,ESU5,True,2025-09-04 18:00:00-04:00,2025-09-05 16:59:59-04:00,1635363,360,6541.75,6452.0,6480.0,6492.75,6454.5
2025-09-08,14160,ESU5,True,2025-09-07 18:00:00-04:00,2025-09-08 16:59:59-04:00,1107061,146,6516.5,6480.25,6503.0,6507.5,6498.0
2025-09-09,14160,ESU5,True,2025-09-08 18:00:00-04:00,2025-09-09 16:59:59-04:00,1113072,189,6536.25,6489.25,6507.0,6518.25,6501.5
2025-09-10,14160,ESU5,True,2025-09-09 18:00:00-04:00,2025-09-10 16:59:59-04:00,1285960,172,6565.25,6522.5,6539.5,6554.0,6535.75
2025-09-11,14160,ESU5,True,2025-09-10 18:00:00-04:00,2025-09-11 16:59:57-04:00,1133135,259,6600.0,6535.5,6591.75,6598.75,6574.25
2025-09-12,14160,ESU5,True,2025-09-11 18:00:00-04:00,2025-09-12 16:59:59-04:00,947617,121,6606.0,6576.0,6587.75,6594.75,6587.0
2025-09-15,294973,ESZ5,True,2025-09-14 18:00:00-04:00,2025-09-15 16:59:59-04:00,698737,159,6681.25,6641.75,6670.0,6678.25,6669.25
2025-09-16,294973,ESZ5,True,2025-09-15 18:00:00-04:00,2025-09-16 16:59:59-04:00,961555,143,6696.75,6661.25,6668.5,6674.25,6665.5
2025-09-17,294973,ESZ5,True,2025-09-16 18:00:00-04:00,2025-09-17 16:59:59-04:00,1401983,303,6686.5,6611.0,6661.25,6672.75,6655.25
2025-09-18,294973,ESZ5,True,2025-09-17 18:00:00-04:00,2025-09-18 16:59:59-04:00,1325402,224,6719.75,6664.0,6697.0,6709.25,6691.25
2025-09-19,294973,ESZ5,True,2025-09-18 18:00:00-04:00,2025-09-19 16:59:59-04:00,1218202,209,6731.5,6679.5,6721.5,6730.25,6702.5
2025-09-22,294973,ESZ5,True,2025-09-21 18:00:00-04:00,2025-09-22 16:59:59-04:00,1016686,247,6756.75,6695.25,6751.75,6756.75,6724.5
2025-09-23,294973,ESZ5,True,2025-09-22 18:00:00-04:00,2025-09-23 16:59:59-04:00,1210516,220,6756.5,6701.75,6716.0,6745.0,6702.0
2025-09-24,294973,ESZ5,True,2025-09-23 18:00:00-04:00,2025-09-24 16:59:59-04:00,1188323,204,6728.75,6678.0,6692.0,6710.5,6678.25
2025-09-25,294973,ESZ5,True,2025-09-24 18:00:00-04:00,2025-09-25 16:59:59-04:00,1634178,325,6705.25,6624.25,6660.0,6673.0,6649.75
2025-09-26,294973,ESZ5,True,2025-09-25 18:00:00-04:00,2025-09-26 16:59:59-04:00,1274692,203,6703.75,6653.25,6697.0,6700.25,6671.5
2025-09-29,294973,ESZ5,True,2025-09-28 18:00:00-04:00,2025-09-29 16:59:59-04:00,1141480,160,6736.0,6696.25,6714.25,6721.75,6700.5
2025-09-30,294973,ESZ5,True,2025-09-29 18:00:00-04:00,2025-09-30 16:59:58-04:00,1426506,203,6743.5,6693.0,6702.75,6719.0,6694.25
2025-10-01,294973,ESZ5,True,2025-09-30 18:00:00-04:00,2025-10-01 16:59:59-04:00,1250203,359,6769.5,6680.0,6764.75,6769.25,6722.75
2025-10-02,294973,ESZ5,True,2025-10-01 18:00:00-04:00,2025-10-02 16:59:59-04:00,1133541,164,6782.25,6741.5,6768.25,6770.5,6754.0
2025-10-03,294973,ESZ5,True,2025-10-02 18:00:00-04:00,2025-10-03 16:59:59-04:00,1308656,185,6800.0,6754.0,6778.5,6788.0,6763.5
2025-10-06,294973,ESZ5,True,2025-10-05 18:00:00-04:00,2025-10-06 16:59:59-04:00,1042487,126,6797.75,6766.5,6790.0,6795.75,6781.5
2025-10-07,294973,ESZ5,True,2025-10-06 18:00:00-04:00,2025-10-07 16:59:57-04:00,1371725,223,6802.75,6747.25,6757.5,6775.75,6747.5
2025-10-08,294973,ESZ5,True,2025-10-07 18:00:00-04:00,2025-10-08 16:59:59-04:00,1001171,199,6807.75,6758.25,6800.25,6803.0,6785.25
2025-10-09,294973,ESZ5,True,2025-10-08 18:00:00-04:00,2025-10-09 16:59:59-04:00,1316357,207,6812.25,6760.75,6780.5,6784.75,6765.25
2025-10-10,294973,ESZ5,True,2025-10-09 18:00:00-04:00,2025-10-10 16:59:59-04:00,2454970,1066,6806.5,6540.25,6595.5,6724.5,6589.75
2025-10-13,294973,ESZ5,True,2025-10-12 18:00:00-04:00,2025-10-13 16:59:59-04:00,1721182,319,6711.5,6632.0,6695.0,6702.0,6675.0
2025-10-14,294973,ESZ5,True,2025-10-13 18:00:00-04:00,2025-10-14 16:59:59-04:00,2086948,518,6722.5,6593.25,6714.75,6720.0,6652.5
2025-10-15,294973,ESZ5,True,2025-10-14 18:00:00-04:00,2025-10-15 16:59:59-04:00,1942618,462,6766.75,6651.5,6715.75,6743.75,6697.0
2025-10-16,294973,ESZ5,True,2025-10-15 18:00:00-04:00,2025-10-16 16:59:59-04:00,2155277,475,6750.5,6632.0,6669.5,6720.0,6637.25
2025-10-17,294973,ESZ5,True,2025-10-16 18:00:00-04:00,2025-10-17 16:59:59-04:00,2005003,588,6718.0,6571.25,6707.0,6716.25,6658.0
2025-10-20,294973,ESZ5,True,2025-10-19 18:00:00-04:00,2025-10-20 16:59:59-04:00,1143494,357,6783.0,6694.0,6773.75,6783.0,6754.25
2025-10-21,294973,ESZ5,True,2025-10-20 18:00:00-04:00,2025-10-21 16:59:57-04:00,1246958,123,6789.75,6759.25,6780.0,6784.5,6771.0
2025-10-22,294973,ESZ5,True,2025-10-21 18:00:00-04:00,2025-10-22 16:59:59-04:00,1843394,393,6788.75,6690.75,6737.0,6764.0,6711.0
2025-10-23,294973,ESZ5,True,2025-10-22 18:00:00-04:00,2025-10-23 16:59:59-04:00,1316976,274,6785.75,6717.5,6774.5,6777.5,6744.75
2025-10-24,294973,ESZ5,True,2025-10-23 18:00:00-04:00,2025-10-24 16:59:59-04:00,1202501,257,6841.25,6776.5,6830.0,6838.75,6824.75
2025-10-27,294973,ESZ5,True,2025-10-26 18:00:00-04:00,2025-10-27 16:59:59-04:00,1133829,203,6916.25,6865.75,6908.25,6916.0,6885.5
2025-10-28,294973,ESZ5,True,2025-10-27 18:00:00-04:00,2025-10-28 16:59:59-04:00,1159936,174,6944.75,6901.5,6925.75,6932.5,6911.5
2025-10-29,294973,ESZ5,True,2025-10-28 18:00:00-04:00,2025-10-29 16:59:59-04:00,1463786,280,6952.0,6882.25,6939.25,6948.75,6918.25
2025-10-30,294973,ESZ5,True,2025-10-29 18:00:00-04:00,2025-10-30 16:59:59-04:00,1761310,412,6953.75,6851.0,6894.0,6913.0,6873.5
2025-10-31,294973,ESZ5,True,2025-10-30 18:00:00-04:00,2025-10-31 16:59:59-04:00,1686099,301,6918.5,6843.5,6875.0,6896.75,6868.25
2025-11-03,294973,ESZ5,True,2025-11-02 18:00:00-05:00,2025-11-03 16:59:59-05:00,1301897,241,6909.5,6849.5,6882.75,6891.75,6873.0
2025-11-04,294973,ESZ5,True,2025-11-03 18:00:00-05:00,2025-11-04 16:59:59-05:00,1625544,392,6884.0,6786.25,6802.5,6826.0,6796.25
2025-11-05,294973,ESZ5,True,2025-11-04 18:00:00-05:00,2025-11-05 16:59:58-05:00,1401862,438,6857.75,6748.5,6825.0,6854.25,6811.75
2025-11-06,294973,ESZ5,True,2025-11-05 18:00:00-05:00,2025-11-06 16:59:59-05:00,1771344,441,6843.5,6733.5,6750.0,6780.75,6739.5
2025-11-07,294973,ESZ5,True,2025-11-06 18:00:00-05:00,2025-11-07 16:59:59-05:00,2039690,467,6772.0,6655.5,6753.25,6766.25,6691.0
2025-11-10,294973,ESZ5,True,2025-11-09 18:00:00-05:00,2025-11-10 16:59:59-05:00,1525731,376,6865.75,6772.0,6857.0,6865.5,6815.5
2025-11-11,294973,ESZ5,True,2025-11-10 18:00:00-05:00,2025-11-11 16:59:59-05:00,1302515,199,6880.0,6830.5,6873.5,6879.5,6843.0
2025-11-12,294973,ESZ5,True,2025-11-11 18:00:00-05:00,2025-11-12 16:59:59-05:00,1345286,195,6900.5,6852.0,6878.0,6881.5,6865.0
2025-11-13,294973,ESZ5,True,2025-11-12 18:00:00-05:00,2025-11-13 16:59:59-05:00,1999772,587,6892.5,6746.0,6758.0,6807.5,6748.0
2025-11-14,294973,ESZ5,True,2025-11-13 18:00:00-05:00,2025-11-14 16:59:59-05:00,2027019,501,6795.5,6670.5,6765.0,6794.0,6732.0
2025-11-17,294973,ESZ5,True,2025-11-16 18:00:00-05:00,2025-11-17 16:59:59-05:00,1823550,573,6801.5,6658.5,6695.0,6749.0,6658.5
2025-11-18,294973,ESZ5,True,2025-11-17 18:00:00-05:00,2025-11-18 16:59:59-05:00,2455447,460,6708.75,6594.0,6670.0,6680.5,6631.75
2025-11-19,294973,ESZ5,True,2025-11-18 18:00:00-05:00,2025-11-19 16:59:59-05:00,1974378,384,6709.0,6613.25,6661.75,6671.25,6638.75
2025-11-20,294973,ESZ5,True,2025-11-19 18:00:00-05:00,2025-11-20 16:59:59-05:00,2883452,964,6791.25,6550.5,6594.75,6723.25,6550.5
2025-11-21,294973,ESZ5,True,2025-11-20 18:00:00-05:00,2025-11-21 16:59:59-05:00,2485787,611,6677.5,6525.0,6580.0,6627.75,6530.0
2025-11-24,294973,ESZ5,True,2025-11-23 18:00:00-05:00,2025-11-24 16:59:59-05:00,1556669,428,6731.75,6625.0,6720.5,6729.0,6680.5
2025-11-25,294973,ESZ5,True,2025-11-24 18:00:00-05:00,2025-11-25 16:59:59-05:00,1569065,473,6792.5,6674.5,6782.0,6792.25,6720.0
2025-11-26,294973,ESZ5,True,2025-11-25 18:00:00-05:00,2025-11-26 16:59:59-05:00,1383308,275,6846.75,6778.25,6842.0,6846.25,6814.0
2025-11-27,294973,ESZ5,False,2025-11-26 18:00:00-05:00,2025-11-27 12:59:59-05:00,82464,39,6833.75,6824.25,6828.0,6829.75,6826.0
2025-11-28,294973,ESZ5,False,2025-11-27 18:00:00-05:00,2025-11-28 13:14:59-05:00,320654,141,6863.75,6828.75,6854.25,6860.25,6845.0
2025-12-01,294973,ESZ5,True,2025-11-30 18:00:00-05:00,2025-12-01 16:59:59-05:00,1410195,251,6864.5,6802.0,6828.0,6837.75,6813.0
2025-12-02,294973,ESZ5,True,2025-12-01 18:00:00-05:00,2025-12-02 16:59:59-05:00,1391355,206,6863.5,6812.25,6841.25,6853.5,6833.0
2025-12-03,294973,ESZ5,True,2025-12-02 18:00:00-05:00,2025-12-03 16:59:59-05:00,1247688,224,6873.25,6817.5,6862.5,6871.25,6845.0
2025-12-04,294973,ESZ5,True,2025-12-03 18:00:00-05:00,2025-12-04 16:59:59-05:00,1266322,179,6880.75,6836.25,6866.0,6868.25,6854.75
2025-12-05,294973,ESZ5,True,2025-12-04 18:00:00-05:00,2025-12-05 16:59:59-05:00,1254788,194,6905.0,6856.75,6880.0,6887.75,6873.75
2025-12-08,294973,ESZ5,True,2025-12-07 18:00:00-05:00,2025-12-08 16:59:59-05:00,1150226,235,6893.75,6835.25,6856.5,6864.25,6839.5
2025-12-09,294973,ESZ5,True,2025-12-08 18:00:00-05:00,2025-12-09 16:59:59-05:00,926659,116,6872.75,6844.0,6861.5,6864.75,6850.75
2025-12-10,294973,ESZ5,True,2025-12-09 18:00:00-05:00,2025-12-10 16:59:58-05:00,1340248,310,6908.0,6830.75,6847.5,6872.75,6834.5
2025-12-11,294973,ESZ5,True,2025-12-10 18:00:00-05:00,2025-12-11 16:59:58-05:00,1511522,446,6928.75,6817.5,6869.0,6903.75,6858.0
2025-12-12,294973,ESZ5,True,2025-12-11 18:00:00-05:00,2025-12-12 16:59:59-05:00,1810940,443,6915.5,6805.0,6831.25,6855.75,6811.25
2025-12-15,42140878,ESH6,True,2025-12-14 18:00:00-05:00,2025-12-15 16:59:58-05:00,975303,273,6932.25,6864.25,6879.0,6889.5,6868.25
2025-12-16,42140878,ESH6,True,2025-12-15 18:00:00-05:00,2025-12-16 16:59:59-05:00,1667671,299,6892.0,6817.5,6855.5,6865.75,6834.0
2025-12-17,42140878,ESH6,True,2025-12-16 18:00:00-05:00,2025-12-17 16:59:59-05:00,1584490,429,6882.5,6775.5,6790.0,6835.0,6775.75
2025-12-18,42140878,ESH6,True,2025-12-17 18:00:00-05:00,2025-12-18 16:59:59-05:00,1967361,403,6872.0,6771.5,6828.75,6850.0,6819.0
2025-12-19,42140878,ESH6,True,2025-12-18 18:00:00-05:00,2025-12-19 16:59:59-05:00,1257206,302,6895.25,6820.0,6888.25,6891.5,6873.0
2025-12-22,42140878,ESH6,True,2025-12-21 18:00:00-05:00,2025-12-22 16:59:58-05:00,932188,144,6936.25,6900.5,6930.0,6935.5,6919.5
2025-12-23,42140878,ESH6,True,2025-12-22 18:00:00-05:00,2025-12-23 16:59:58-05:00,822262,203,6963.75,6913.25,6960.75,6963.5,6935.25
2025-12-24,42140878,ESH6,False,2025-12-23 18:00:00-05:00,2025-12-24 13:14:59-05:00,421684,143,6988.0,6952.5,6984.5,6987.75,6968.75
2025-12-26,42140878,ESH6,True,2025-12-25 18:00:00-05:00,2025-12-26 16:59:59-05:00,590832,101,6994.0,6969.0,6978.5,6983.25,6975.0
2025-12-29,42140878,ESH6,True,2025-12-28 18:00:00-05:00,2025-12-29 16:59:59-05:00,835954,196,6984.75,6936.0,6955.25,6957.5,6944.25
2025-12-30,42140878,ESH6,True,2025-12-29 18:00:00-05:00,2025-12-30 16:59:59-05:00,728574,84,6961.5,6940.75,6951.25,6954.25,6945.5
2025-12-31,42140878,ESH6,True,2025-12-30 18:00:00-05:00,2025-12-31 16:59:59-05:00,910289,246,6951.5,6890.25,6892.75,6926.0,6890.25
2026-01-02,42140878,ESH6,True,2026-01-01 18:00:00-05:00,2026-01-02 16:59:59-05:00,1507712,293,6939.75,6866.75,6900.25,6909.75,6876.25
2026-01-05,42140878,ESH6,True,2026-01-04 18:00:00-05:00,2026-01-05 16:59:59-05:00,1195969,257,6963.5,6899.5,6945.0,6955.0,6938.75
2026-01-06,42140878,ESH6,True,2026-01-05 18:00:00-05:00,2026-01-06 16:59:59-05:00,1133614,243,6991.5,6931.0,6987.75,6991.25,6958.75
2026-01-07,42140878,ESH6,True,2026-01-06 18:00:00-05:00,2026-01-07 16:59:59-05:00,1186510,196,7006.75,6958.0,6990.75,6999.25,6978.5
2026-01-08,42140878,ESH6,True,2026-01-07 18:00:00-05:00,2026-01-08 16:59:59-05:00,1255865,171,6977.75,6935.25,6961.5,6965.0,6953.5
2026-01-09,42140878,ESH6,True,2026-01-08 18:00:00-05:00,2026-01-09 16:59:59-05:00,1273462,254,7017.5,6954.25,7004.25,7016.75,6982.0
2026-01-12,42140878,ESH6,True,2026-01-11 18:00:00-05:00,2026-01-12 16:59:59-05:00,1004961,302,7025.25,6950.0,7016.0,7024.75,6993.75
2026-01-13,42140878,ESH6,True,2026-01-12 18:00:00-05:00,2026-01-13 16:59:58-05:00,1319001,239,7036.25,6976.75,7002.5,7008.25,6986.5
2026-01-14,42140878,ESH6,True,2026-01-13 18:00:00-05:00,2026-01-14 16:59:58-05:00,1673501,318,7002.5,6923.25,6963.25,6975.5,6937.75
2026-01-15,42140878,ESH6,True,2026-01-14 18:00:00-05:00,2026-01-15 16:59:59-05:00,1232541,272,7017.25,6949.5,7010.0,7014.0,6990.0
2026-01-16,42140878,ESH6,True,2026-01-15 18:00:00-05:00,2026-01-16 16:59:59-05:00,1205818,187,7007.0,6960.5,6986.0,6992.5,6976.0
2026-01-19,42140878,ESH6,False,2026-01-18 18:00:00-05:00,2026-01-19 12:59:59-05:00,306038,191,6935.0,6887.5,6900.5,6917.0,6891.25
2026-01-20,42140878,ESH6,True,2026-01-19 18:00:00-05:00,2026-01-20 16:59:59-05:00,2004248,378,6916.5,6822.25,6829.25,6881.25,6822.75
2026-01-21,42140878,ESH6,True,2026-01-20 18:00:00-05:00,2026-01-21 16:59:59-05:00,2130965,524,6945.25,6814.5,6852.0,6906.5,6833.0
2026-01-22,42140878,ESH6,True,2026-01-21 18:00:00-05:00,2026-01-22 16:59:59-05:00,1275532,232,6969.0,6911.25,6944.75,6955.25,6927.75
2026-01-23,42140878,ESH6,True,2026-01-22 18:00:00-05:00,2026-01-23 16:59:59-05:00,1171395,158,6964.0,6924.75,6945.25,6955.25,6936.75
2026-01-26,42140878,ESH6,True,2026-01-25 18:00:00-05:00,2026-01-26 16:59:59-05:00,1004674,467,6995.5,6879.0,6981.0,6991.75,6975.5
2026-01-27,42140878,ESH6,True,2026-01-26 18:00:00-05:00,2026-01-27 16:59:59-05:00,924049,187,7018.5,6972.0,7009.25,7016.0,7002.5
2026-01-28,42140878,ESH6,True,2026-01-27 18:00:00-05:00,2026-01-28 16:59:59-05:00,1143996,264,7043.0,6977.25,7002.75,7019.75,6997.0
2026-01-29,42140878,ESH6,True,2026-01-28 18:00:00-05:00,2026-01-29 16:59:58-05:00,1886716,526,7029.5,6898.25,6955.5,6992.75,6923.75
2026-01-30,42140878,ESH6,True,2026-01-29 18:00:00-05:00,2026-01-30 16:59:59-05:00,1949287,311,6995.0,6917.5,6964.25,6975.75,6947.0
2026-02-02,42140878,ESH6,True,2026-02-01 18:00:00-05:00,2026-02-02 16:59:59-05:00,1432908,612,7017.25,6864.5,7002.75,7016.75,6967.0
2026-02-03,42140878,ESH6,True,2026-02-02 18:00:00-05:00,2026-02-03 16:59:59-05:00,1875777,565,7027.25,6886.25,6942.5,6969.5,6898.75
2026-02-04,42140878,ESH6,True,2026-02-03 18:00:00-05:00,2026-02-04 16:59:59-05:00,2070190,414,6965.75,6862.5,6923.0,6953.75,6903.5
2026-02-05,42140878,ESH6,True,2026-02-04 18:00:00-05:00,2026-02-05 16:59:59-05:00,2035413,602,6935.25,6785.0,6821.0,6853.75,6804.75
2026-02-06,42140878,ESH6,True,2026-02-05 18:00:00-05:00,2026-02-06 16:59:59-05:00,1714919,857,6965.5,6751.5,6935.0,6960.25,6884.0
2026-02-09,42140878,ESH6,True,2026-02-08 18:00:00-05:00,2026-02-09 16:59:58-05:00,1139110,319,7000.5,6921.0,6985.5,6999.25,6958.75
2026-02-10,42140878,ESH6,True,2026-02-09 18:00:00-05:00,2026-02-10 16:59:59-05:00,1136410,199,7006.5,6957.0,6989.0,6999.25,6975.0
2026-02-11,42140878,ESH6,True,2026-02-10 18:00:00-05:00,2026-02-11 16:59:59-05:00,1450674,323,7011.5,6931.0,6964.75,6977.75,6950.75
2026-02-12,42140878,ESH6,True,2026-02-11 18:00:00-05:00,2026-02-12 16:59:59-05:00,1991332,604,6992.75,6842.0,6883.0,6913.75,6843.25
2026-02-13,42140878,ESH6,True,2026-02-12 18:00:00-05:00,2026-02-13 16:59:59-05:00,1722320,357,6897.75,6808.75,6847.25,6869.75,6833.0
2026-02-16,42140878,ESH6,False,2026-02-15 18:00:00-05:00,2026-02-16 12:59:59-05:00,183127,179,6885.5,6841.0,6862.0,6864.25,6843.75
2026-02-17,42140878,ESH6,True,2026-02-16 18:00:00-05:00,2026-02-17 16:59:59-05:00,1594398,372,6883.75,6791.0,6858.75,6866.0,6816.5
2026-02-18,42140878,ESH6,True,2026-02-17 18:00:00-05:00,2026-02-18 16:59:59-05:00,1281600,309,6925.75,6848.75,6917.5,6921.75,6886.5
2026-02-19,42140878,ESH6,True,2026-02-18 18:00:00-05:00,2026-02-19 16:59:59-05:00,1233662,260,6912.5,6847.75,6877.5,6883.25,6861.0
2026-02-20,42140878,ESH6,True,2026-02-19 18:00:00-05:00,2026-02-20 16:59:59-05:00,1735023,338,6931.5,6847.25,6920.0,6926.0,6890.0
2026-02-23,42140878,ESH6,True,2026-02-22 18:00:00-05:00,2026-02-23 16:59:59-05:00,1408517,391,6930.25,6832.75,6850.0,6877.75,6835.0
2026-02-24,42140878,ESH6,True,2026-02-23 18:00:00-05:00,2026-02-24 16:59:59-05:00,1276037,338,6912.75,6828.5,6903.75,6910.75,6869.5
2026-02-25,42140878,ESH6,True,2026-02-24 18:00:00-05:00,2026-02-25 16:59:59-05:00,997882,367,6983.75,6892.25,6959.75,6965.0,6936.75
2026-02-26,42140878,ESH6,True,2026-02-25 18:00:00-05:00,2026-02-26 16:59:59-05:00,1488435,401,6970.75,6870.75,6918.75,6924.25,6880.0
2026-02-27,42140878,ESH6,True,2026-02-26 18:00:00-05:00,2026-02-27 16:59:59-05:00,1572686,297,6915.5,6841.5,6884.0,6885.25,6860.0
2026-03-02,42140878,ESH6,True,2026-03-01 18:00:00-05:00,2026-03-02 16:59:59-05:00,1772973,572,6911.25,6768.5,6887.0,6898.25,6835.25
2026-03-03,42140878,ESH6,True,2026-03-02 18:00:00-05:00,2026-03-03 16:59:59-05:00,2184809,670,6886.0,6718.75,6826.25,6850.0,6768.75
2026-03-04,42140878,ESH6,True,2026-03-03 18:00:00-05:00,2026-03-04 16:59:59-05:00,1492444,483,6894.0,6773.5,6882.75,6893.75,6845.25
2026-03-05,42140878,ESH6,True,2026-03-04 18:00:00-05:00,2026-03-05 16:59:59-05:00,1823017,496,6900.75,6777.0,6836.0,6874.5,6807.5
2026-03-06,42140878,ESH6,True,2026-03-05 18:00:00-05:00,2026-03-06 16:59:59-05:00,1819074,554,6854.0,6715.75,6744.25,6772.5,6736.25
2026-03-09,42140878,ESH6,True,2026-03-08 18:00:00-04:00,2026-03-09 16:59:59-04:00,2156504,937,6818.5,6584.5,6800.5,6818.25,6669.0
2026-03-10,42140878,ESH6,True,2026-03-09 18:00:00-04:00,2026-03-10 16:59:59-04:00,1811043,359,6852.0,6762.5,6787.75,6825.75,6775.5
2026-03-11,42140878,ESH6,True,2026-03-10 18:00:00-04:00,2026-03-11 16:59:59-04:00,1508796,292,6822.5,6749.75,6779.0,6787.75,6754.5
2026-03-12,42140878,ESH6,True,2026-03-11 18:00:00-04:00,2026-03-12 16:59:59-04:00,1828466,392,6769.5,6671.75,6698.0,6722.5,6690.0
2026-03-13,42140878,ESH6,True,2026-03-12 18:00:00-04:00,2026-03-13 16:59:59-04:00,1741409,451,6737.5,6625.0,6660.0,6691.0,6628.25
2026-03-16,42140864,ESM6,True,2026-03-15 18:00:00-04:00,2026-03-16 16:59:58-04:00,1055280,511,6784.75,6656.0,6755.75,6766.75,6745.0
2026-03-17,42140864,ESM6,True,2026-03-16 18:00:00-04:00,2026-03-17 16:59:59-04:00,1084921,372,6808.5,6715.75,6773.5,6793.0,6768.25
2026-03-18,42140864,ESM6,True,2026-03-17 18:00:00-04:00,2026-03-18 16:59:59-04:00,1395174,639,6814.0,6654.5,6677.5,6740.5,6672.25
2026-03-19,42140864,ESM6,True,2026-03-18 18:00:00-04:00,2026-03-19 16:59:59-04:00,1819648,334,6695.0,6611.75,6639.0,6660.0,6621.5
2026-03-20,42140864,ESM6,True,2026-03-19 18:00:00-04:00,2026-03-20 16:59:59-04:00,1821006,648,6685.5,6523.75,6599.0,6622.25,6554.0
2026-03-23,42140864,ESM6,True,2026-03-22 18:00:00-04:00,2026-03-23 16:59:59-04:00,2067067,1021,6748.0,6483.5,6635.0,6688.25,6626.0
2026-03-24,42140864,ESM6,True,2026-03-23 18:00:00-04:00,2026-03-24 16:59:59-04:00,1855637,429,6680.5,6573.5,6607.5,6632.5,6598.0
2026-03-25,42140864,ESM6,True,2026-03-24 18:00:00-04:00,2026-03-25 16:59:58-04:00,1639819,274,6684.75,6616.5,6655.0,6659.75,6637.75
2026-03-26,42140864,ESM6,True,2026-03-25 18:00:00-04:00,2026-03-26 16:59:59-04:00,1590996,521,6647.0,6517.0,6526.25,6593.5,6519.75
2026-03-27,42140864,ESM6,True,2026-03-26 18:00:00-04:00,2026-03-27 16:59:59-04:00,1803880,719,6568.5,6389.0,6461.0,6508.5,6420.0
2026-03-30,42140864,ESM6,True,2026-03-29 18:00:00-04:00,2026-03-30 16:59:59-04:00,1702189,490,6481.75,6359.5,6430.0,6459.0,6388.75
2026-03-31,42140864,ESM6,True,2026-03-30 18:00:00-04:00,2026-03-31 16:59:59-04:00,2222249,921,6583.25,6353.25,6569.25,6583.25,6475.5
2026-04-01,42140864,ESM6,True,2026-03-31 18:00:00-04:00,2026-04-01 16:59:58-04:00,1687950,372,6653.75,6561.0,6619.5,6633.5,6600.0
2026-04-02,42140864,ESM6,True,2026-04-01 18:00:00-04:00,2026-04-02 16:59:59-04:00,1891861,564,6644.5,6503.75,6610.0,6633.5,6568.0
2026-04-03,42140864,ESM6,False,2026-04-02 18:00:00-04:00,2026-04-03 09:14:58-04:00,71443,164,6639.0,6598.25,6604.25,6615.5,6600.5
2026-04-06,42140864,ESM6,True,2026-04-05 18:00:00-04:00,2026-04-06 16:59:59-04:00,1063209,377,6661.0,6567.0,6638.0,6650.0,6629.75
2026-04-07,42140864,ESM6,True,2026-04-06 18:00:00-04:00,2026-04-07 16:59:59-04:00,1937818,404,6673.5,6572.75,6629.0,6632.0,6588.0
2026-04-08,42140864,ESM6,True,2026-04-07 18:00:00-04:00,2026-04-08 16:59:58-04:00,2105441,755,6847.25,6652.25,6816.0,6829.5,6801.25
2026-04-09,42140864,ESM6,True,2026-04-08 18:00:00-04:00,2026-04-09 16:59:58-04:00,1512811,335,6876.0,6792.5,6863.75,6875.5,6816.25
2026-04-10,42140864,ESM6,True,2026-04-09 18:00:00-04:00,2026-04-10 16:59:59-04:00,1226833,167,6888.0,6846.25,6854.75,6869.5,6848.75
2026-04-13,42140864,ESM6,True,2026-04-12 18:00:00-04:00,2026-04-13 16:59:59-04:00,1470840,646,6928.25,6767.0,6923.25,6928.0,6853.0
2026-04-14,42140864,ESM6,True,2026-04-13 18:00:00-04:00,2026-04-14 16:59:57-04:00,1241952,352,7008.0,6920.25,7004.75,7008.0,6969.0
2026-04-15,42140864,ESM6,True,2026-04-14 18:00:00-04:00,2026-04-15 16:59:59-04:00,1292239,292,7064.5,6991.75,7060.5,7064.5,7023.25
2026-04-16,42140864,ESM6,True,2026-04-15 18:00:00-04:00,2026-04-16 16:59:59-04:00,1290803,171,7089.0,7046.5,7077.75,7079.5,7063.75
2026-04-17,42140864,ESM6,True,2026-04-16 18:00:00-04:00,2026-04-17 16:59:58-04:00,1662030,443,7185.75,7075.25,7162.0,7178.25,7138.75
2026-04-20,42140864,ESM6,True,2026-04-19 18:00:00-04:00,2026-04-20 16:59:59-04:00,1294721,303,7160.5,7085.0,7148.25,7151.5,7132.75
2026-04-21,42140864,ESM6,True,2026-04-20 18:00:00-04:00,2026-04-21 16:59:59-04:00,1747933,393,7183.0,7085.0,7124.0,7139.5,7095.75
2026-04-22,42140864,ESM6,True,2026-04-21 18:00:00-04:00,2026-04-22 16:59:59-04:00,1130298,208,7173.0,7121.25,7157.75,7163.5,7146.5
2026-04-23,42140864,ESM6,True,2026-04-22 18:00:00-04:00,2026-04-23 16:59:59-04:00,1787981,410,7181.5,7079.25,7141.75,7162.0,7114.5
2026-04-24,42140864,ESM6,True,2026-04-23 18:00:00-04:00,2026-04-24 16:59:59-04:00,1379166,261,7200.5,7135.5,7194.5,7200.0,7163.75
2026-04-27,42140864,ESM6,True,2026-04-26 18:00:00-04:00,2026-04-27 16:59:57-04:00,1031367,160,7211.25,7171.5,7206.0,7210.25,7189.75
2026-04-28,42140864,ESM6,True,2026-04-27 18:00:00-04:00,2026-04-28 16:59:59-04:00,1309634,309,7223.25,7146.25,7171.5,7175.0,7154.5
2026-04-29,42140864,ESM6,True,2026-04-28 18:00:00-04:00,2026-04-29 16:59:59-04:00,1320857,239,7190.75,7131.25,7160.0,7166.5,7145.5
2026-04-30,42140864,ESM6,True,2026-04-29 18:00:00-04:00,2026-04-30 16:59:58-04:00,1622378,480,7253.5,7133.75,7244.5,7251.5,7183.25
2026-05-01,42140864,ESM6,True,2026-04-30 18:00:00-04:00,2026-05-01 16:59:59-04:00,1208141,241,7300.75,7240.75,7273.0,7286.5,7260.75
2026-05-04,42140864,ESM6,True,2026-05-03 18:00:00-04:00,2026-05-04 16:59:59-04:00,1531804,322,7279.75,7199.5,7230.0,7248.75,7204.5
2026-05-05,42140864,ESM6,True,2026-05-04 18:00:00-04:00,2026-05-05 16:59:59-04:00,1067205,323,7304.25,7223.75,7287.0,7292.25,7268.75
2026-05-06,42140864,ESM6,True,2026-05-05 18:00:00-04:00,2026-05-06 16:59:59-04:00,1530266,410,7395.75,7293.5,7387.75,7395.75,7347.0
2026-05-07,42140864,ESM6,True,2026-05-06 18:00:00-04:00,2026-05-07 16:59:59-04:00,1674807,261,7410.5,7345.5,7360.75,7392.5,7349.25
2026-05-08,42140864,ESM6,True,2026-05-07 18:00:00-04:00,2026-05-08 16:59:59-04:00,1208838,367,7427.75,7336.25,7420.0,7424.75,7410.25
2026-05-11,42140864,ESM6,True,2026-05-10 18:00:00-04:00,2026-05-11 16:59:59-04:00,1177013,258,7454.75,7390.5,7435.25,7449.25,7429.5
2026-05-12,42140864,ESM6,True,2026-05-11 18:00:00-04:00,2026-05-12 16:59:58-04:00,1546062,323,7443.75,7363.25,7407.25,7420.5,7376.25
2026-05-13,42140864,ESM6,True,2026-05-12 18:00:00-04:00,2026-05-13 16:59:58-04:00,1218404,340,7483.75,7399.0,7469.25,7483.75,7429.5
2026-05-14,42140864,ESM6,True,2026-05-13 18:00:00-04:00,2026-05-14 16:59:58-04:00,1299090,277,7540.0,7471.0,7526.25,7532.75,7500.0
2026-05-15,42140864,ESM6,True,2026-05-14 18:00:00-04:00,2026-05-15 16:59:59-04:00,1826859,477,7528.25,7409.25,7432.5,7458.5,7431.25
2026-05-18,42140864,ESM6,True,2026-05-17 18:00:00-04:00,2026-05-18 16:59:59-04:00,1922376,324,7454.25,7373.5,7410.0,7428.25,7390.5
2026-05-19,42140864,ESM6,True,2026-05-18 18:00:00-04:00,2026-05-19 16:59:58-04:00,1736281,347,7440.75,7354.25,7377.5,7394.5,7360.5
2026-05-20,42140864,ESM6,True,2026-05-19 18:00:00-04:00,2026-05-20 16:59:59-04:00,1511095,409,7458.0,7356.0,7451.5,7453.5,7408.25
2026-05-21,42140864,ESM6,True,2026-05-20 18:00:00-04:00,2026-05-21 16:59:58-04:00,1686448,318,7486.75,7407.5,7425.0,7456.75,7412.0
2026-05-22,42140864,ESM6,True,2026-05-21 18:00:00-04:00,2026-05-22 16:59:59-04:00,1170039,230,7524.0,7466.75,7507.75,7515.25,7491.5
2026-05-25,42140864,ESM6,False,2026-05-24 18:00:00-04:00,2026-05-25 12:59:59-04:00,210372,212,7569.75,7517.0,7560.0,7567.25,7553.0
2026-05-26,42140864,ESM6,True,2026-05-25 18:00:00-04:00,2026-05-26 16:59:59-04:00,1128855,196,7565.75,7517.0,7536.25,7543.5,7525.75
2026-05-27,42140864,ESM6,True,2026-05-26 18:00:00-04:00,2026-05-27 16:59:59-04:00,1223771,224,7570.75,7515.0,7539.5,7544.0,7527.5
2026-05-28,42140864,ESM6,True,2026-05-27 18:00:00-04:00,2026-05-28 16:59:59-04:00,1173966,341,7590.75,7505.75,7581.0,7586.25,7539.75
2026-05-29,42140864,ESM6,True,2026-05-28 18:00:00-04:00,2026-05-29 16:59:59-04:00,1450313,156,7611.5,7572.75,7595.75,7600.5,7587.0
2026-06-01,42140864,ESM6,True,2026-05-31 18:00:00-04:00,2026-06-01 16:59:59-04:00,1314853,225,7632.25,7576.25,7613.75,7618.75,7588.0
2026-06-02,42140864,ESM6,True,2026-06-01 18:00:00-04:00,2026-06-02 16:59:58-04:00,1014168,223,7632.0,7576.5,7624.25,7631.75,7605.5
2026-06-03,42140864,ESM6,True,2026-06-02 18:00:00-04:00,2026-06-03 16:59:59-04:00,1290060,348,7628.5,7541.75,7575.75,7593.0,7568.5
2026-06-04,42140864,ESM6,True,2026-06-03 18:00:00-04:00,2026-06-04 16:59:59-04:00,1158185,349,7611.5,7524.5,7600.0,7611.25,7555.25
2026-06-05,42140864,ESM6,True,2026-06-04 18:00:00-04:00,2026-06-05 16:59:59-04:00,2229432,929,7591.0,7359.0,7400.0,7514.75,7360.5
2026-06-08,42140864,ESM6,True,2026-06-07 18:00:00-04:00,2026-06-08 16:59:59-04:00,1720977,486,7476.75,7355.5,7415.75,7451.0,7403.0
2026-06-09,42140864,ESM6,True,2026-06-08 18:00:00-04:00,2026-06-09 16:59:59-04:00,2367525,976,7491.0,7247.25,7393.25,7420.75,7282.75
2026-06-10,42140864,ESM6,True,2026-06-09 18:00:00-04:00,2026-06-10 16:59:59-04:00,1709853,596,7404.75,7256.0,7325.0,7383.75,7307.0
2026-06-11,42140864,ESM6,True,2026-06-10 18:00:00-04:00,2026-06-11 16:59:59-04:00,1858563,752,7420.0,7232.25,7299.75,7358.75,7232.5
2026-06-12,42140864,ESM6,True,2026-06-11 18:00:00-04:00,2026-06-12 16:59:59-04:00,1184127,382,7461.75,7366.5,7434.25,7441.5,7407.25
2026-06-15,42140870,ESU6,True,2026-06-14 18:00:00-04:00,2026-06-15 16:59:59-04:00,923610,427,7648.75,7542.0,7630.0,7638.25,7607.5
2026-06-16,42140870,ESU6,True,2026-06-15 18:00:00-04:00,2026-06-16 16:59:58-04:00,1087402,236,7636.75,7578.0,7614.25,7631.75,7602.0
2026-06-17,42140870,ESU6,True,2026-06-16 18:00:00-04:00,2026-06-17 16:59:59-04:00,1463018,562,7612.5,7472.25,7586.5,7607.25,7538.75
2026-06-18,42140870,ESU6,True,2026-06-17 18:00:00-04:00,2026-06-18 16:59:59-04:00,1408438,316,7583.0,7504.25,7566.75,7570.5,7545.5
2026-06-19,42140870,ESU6,False,2026-06-18 18:00:00-04:00,2026-06-19 12:59:59-04:00,174180,239,7580.0,7520.5,7560.0,7567.75,7544.0
2026-06-22,42140870,ESU6,True,2026-06-21 18:00:00-04:00,2026-06-22 16:59:58-04:00,1328558,346,7599.25,7513.0,7543.5,7553.75,7531.0
2026-06-23,42140870,ESU6,True,2026-06-22 18:00:00-04:00,2026-06-23 16:59:59-04:00,1713666,538,7549.5,7415.25,7444.0,7466.75,7427.75
2026-06-24,42140870,ESU6,True,2026-06-23 18:00:00-04:00,2026-06-24 16:59:58-04:00,1759164,370,7496.5,7404.25,7450.0,7468.5,7416.25
2026-06-25,42140870,ESU6,True,2026-06-24 18:00:00-04:00,2026-06-25 16:59:59-04:00,1546063,423,7496.0,7390.5,7421.5,7455.25,7413.75
2026-06-26,42140870,ESU6,True,2026-06-25 18:00:00-04:00,2026-06-26 16:59:59-04:00,1394250,410,7459.5,7357.25,7422.0,7443.25,7396.75
2026-06-29,42140870,ESU6,True,2026-06-28 18:00:00-04:00,2026-06-29 16:59:59-04:00,1398980,422,7505.0,7398.0,7495.25,7504.5,7458.75
2026-06-30,42140870,ESU6,True,2026-06-29 18:00:00-04:00,2026-06-30 16:59:57-04:00,1216612,345,7567.75,7481.75,7555.25,7564.75,7525.25
2026-07-01,42140870,ESU6,True,2026-06-30 18:00:00-04:00,2026-07-01 16:59:59-04:00,1247606,294,7579.0,7505.75,7544.0,7567.0,7528.0
2026-07-02,42140870,ESU6,True,2026-07-01 18:00:00-04:00,2026-07-02 16:59:58-04:00,1667276,458,7593.75,7479.5,7526.0,7587.0,7514.5
2026-07-03,42140870,ESU6,False,2026-07-02 18:00:00-04:00,2026-07-03 12:59:59-04:00,129166,167,7565.25,7523.75,7552.0,7559.0,7548.75
2026-07-06,42140870,ESU6,True,2026-07-05 18:00:00-04:00,2026-07-06 16:59:58-04:00,963948,258,7602.5,7538.25,7591.75,7601.25,7571.5
2026-07-07,42140870,ESU6,True,2026-07-06 18:00:00-04:00,2026-07-07 16:59:57-04:00,1195157,288,7601.25,7529.5,7567.0,7587.5,7548.25
2026-07-08,42140870,ESU6,True,2026-07-07 18:00:00-04:00,2026-07-08 16:59:59-04:00,1430012,379,7563.0,7468.5,7524.75,7534.25,7494.0
2026-07-09,42140870,ESU6,True,2026-07-08 18:00:00-04:00,2026-07-09 16:59:58-04:00,1017289,316,7595.0,7516.25,7587.0,7594.0,7551.5
2026-07-10,42140870,ESU6,True,2026-07-09 18:00:00-04:00,2026-07-10 16:59:59-04:00,1002471,305,7628.75,7552.75,7623.5,7626.5,7591.0
2026-07-13,42140870,ESU6,True,2026-07-12 18:00:00-04:00,2026-07-13 16:59:58-04:00,1197306,273,7615.25,7547.25,7563.5,7595.0,7557.75
2026-07-14,42140870,ESU6,True,2026-07-13 18:00:00-04:00,2026-07-14 16:59:59-04:00,1064097,330,7613.75,7531.5,7590.5,7597.25,7573.75
2026-07-15,42140870,ESU6,True,2026-07-14 18:00:00-04:00,2026-07-15 16:59:59-04:00,1226160,219,7626.25,7571.75,7613.25,7619.25,7601.0
2026-07-16,42140870,ESU6,True,2026-07-15 18:00:00-04:00,2026-07-16 16:59:59-04:00,1239646,336,7632.0,7548.25,7601.75,7613.5,7578.75
2026-07-17,42140870,ESU6,True,2026-07-16 18:00:00-04:00,2026-07-17 16:59:59-04:00,1596577,409,7575.0,7473.0,7495.0,7527.75,7491.25
2026-07-20,42140870,ESU6,True,2026-07-19 18:00:00-04:00,2026-07-20 16:59:59-04:00,1296934,302,7552.0,7476.75,7517.5,7534.25,7493.5
2026-07-21,42140870,ESU6,True,2026-07-20 18:00:00-04:00,2026-07-21 16:59:59-04:00,983698,325,7554.0,7473.0,7546.0,7552.5,7520.5
2026-07-22,42140870,ESU6,True,2026-07-21 18:00:00-04:00,2026-07-22 16:59:59-04:00,976671,239,7563.5,7504.0,7541.0,7553.5,7533.0
2026-07-23,42140870,ESU6,True,2026-07-22 18:00:00-04:00,2026-07-23 16:59:59-04:00,1561946,552,7549.5,7411.75,7430.0,7461.0,7424.75
2026-07-24,42140870,ESU6,True,2026-07-23 18:00:00-04:00,2026-07-24 16:59:59-04:00,1373209,261,7496.5,7431.5,7448.0,7465.75,7435.0
2026-07-27,42140870,ESU6,True,2026-07-26 18:00:00-04:00,2026-07-27 16:59:58-04:00,1398459,435,7524.75,7416.25,7447.75,7465.75,7417.25
2026-07-28,42140870,ESU6,True,2026-07-27 18:00:00-04:00,2026-07-28 16:59:59-04:00,1305346,276,7485.75,7417.0,7469.5,7482.0,7440.75
2026-07-29,42140870,ESU6,True,2026-07-28 18:00:00-04:00,2026-07-29 16:59:59-04:00,1941532,709,7501.0,7324.0,7405.0,7466.25,7385.0
2026-07-30,42140870,ESU6,True,2026-07-29 18:00:00-04:00,2026-07-30 16:59:59-04:00,1627245,669,7498.0,7331.0,7439.75,7460.5,7390.75
2026-07-31,42140870,ESU6,True,2026-07-30 18:00:00-04:00,2026-07-31 16:59:59-04:00,1736589,455,7541.0,7427.5,7517.25,7529.25,7470.75
2026-08-03,42140870,ESU6,True,2026-08-02 18:00:00-04:00,2026-08-03 16:59:59-04:00,1354643,381,7637.75,7542.75,7629.0,7637.5,7586.0
2026-08-04,42140870,ESU6,True,2026-08-03 18:00:00-04:00,2026-08-04 16:59:58-04:00,1590863,629,7786.0,7629.0,7774.0,7785.75,7700.0
2026-08-05,42140870,ESU6,True,2026-08-04 18:00:00-04:00,2026-08-05 16:59:59-04:00,1404454,299,7820.25,7745.75,7765.75,7794.0,7746.0
2026-08-06,42140870,ESU6,True,2026-08-05 18:00:00-04:00,2026-08-06 16:59:59-04:00,1196658,187,7770.75,7724.25,7738.5,7753.25,7728.0
2026-08-07,42140870,ESU6,True,2026-08-06 18:00:00-04:00,2026-08-07 16:59:59-04:00,1147708,246,7786.75,7725.5,7777.25,7781.0,7760.5
2026-08-10,42140870,ESU6,True,2026-08-09 18:00:00-04:00,2026-08-10 16:59:57-04:00,864855,141,7798.0,7763.0,7775.5,7784.25,7771.5
2026-08-11,42140870,ESU6,True,2026-08-10 18:00:00-04:00,2026-08-11 16:59:58-04:00,946959,233,7796.0,7738.0,7749.5,7778.25,7743.5
2026-08-12,42140870,ESU6,True,2026-08-11 18:00:00-04:00,2026-08-12 16:59:59-04:00,891051,183,7794.0,7748.5,7773.75,7776.5,7765.75
2026-08-13,42140870,ESU6,True,2026-08-12 18:00:00-04:00,2026-08-13 16:59:59-04:00,1036184,298,7838.5,7764.25,7823.0,7829.5,7805.5
2026-08-14,42140870,ESU6,True,2026-08-13 18:00:00-04:00,2026-08-14 16:59:59-04:00,837901,142,7831.75,7796.5,7802.75,7817.75,7796.75
2026-08-17,42140870,ESU6,True,2026-08-16 18:00:00-04:00,2026-08-17 16:59:58-04:00,933282,245,7824.5,7763.5,7794.25,7821.0,7776.75
2026-08-18,42140870,ESU6,True,2026-08-17 18:00:00-04:00,2026-08-18 16:59:59-04:00,1216448,242,7770.5,7710.25,7723.75,7730.25,7716.75
2026-08-19,42140870,ESU6,True,2026-08-18 18:00:00-04:00,2026-08-19 16:59:58-04:00,1380531,267,7764.75,7698.25,7736.75,7748.0,7725.5
2026-08-20,42140870,ESU6,True,2026-08-19 18:00:00-04:00,2026-08-20 16:59:59-04:00,1401610,356,7746.5,7657.75,7700.25,7735.75,7680.0
2026-08-21,42140870,ESU6,True,2026-08-20 18:00:00-04:00,2026-08-21 16:59:59-04:00,1121230,212,7714.0,7661.25,7691.0,7700.25,7684.75
2026-08-24,42140870,ESU6,True,2026-08-23 18:00:00-04:00,2026-08-24 16:59:58-04:00,1043276,194,7703.25,7655.0,7670.0,7679.0,7665.25
2026-08-25,42140870,ESU6,True,2026-08-24 18:00:00-04:00,2026-08-25 16:59:59-04:00,958243,216,7714.0,7660.25,7686.75,7693.5,7678.5
2026-08-26,42140870,ESU6,True,2026-08-25 18:00:00-04:00,2026-08-26 16:59:59-04:00,1028661,159,7710.25,7670.75,7690.0,7696.5,7681.5
2026-08-27,42140870,ESU6,True,2026-08-26 18:00:00-04:00,2026-08-27 16:59:59-04:00,1275515,212,7755.5,7702.75,7741.75,7744.5,7720.75
2026-08-28,42140870,ESU6,True,2026-08-27 18:00:00-04:00,2026-08-28 16:59:59-04:00,1451897,284,7782.5,7711.75,7722.0,7747.5,7715.5
2026-08-31,42140870,ESU6,True,2026-08-30 18:00:00-04:00,2026-08-31 16:59:59-04:00,1168096,198,7724.0,7674.75,7686.0,7698.5,7680.0
2026-09-01,42140870,ESU6,True,2026-08-31 18:00:00-04:00,2026-09-01 16:59:58-04:00,1535068,347,7708.0,7621.5,7644.0,7660.0,7633.5
2026-09-02,42140870,ESU6,True,2026-09-01 18:00:00-04:00,2026-09-02 16:59:59-04:00,1263519,292,7691.25,7618.5,7679.0,7690.25,7665.5
2026-09-03,42140870,ESU6,True,2026-09-02 18:00:00-04:00,2026-09-03 16:59:58-04:00,1383016,422,7766.5,7661.25,7756.5,7766.25,7714.25
2026-09-04,42140870,ESU6,True,2026-09-03 18:00:00-04:00,2026-09-04 16:59:59-04:00,1177922,212,7764.5,7711.75,7721.25,7733.75,7712.5
2026-09-07,42140870,ESU6,False,2026-09-06 18:00:00-04:00,2026-09-07 12:59:59-04:00,136327,101,7728.5,7703.5,7722.0,7722.75,7709.25
2026-09-08,42140870,ESU6,True,2026-09-07 18:00:00-04:00,2026-09-08 16:59:57-04:00,1303934,215,7725.75,7672.25,7696.25,7702.75,7684.25
2026-09-09,42140870,ESU6,True,2026-09-08 18:00:00-04:00,2026-09-09 16:59:57-04:00,1325319,251,7691.25,7628.75,7650.0,7658.0,7639.5
2026-09-10,42140870,ESU6,True,2026-09-09 18:00:00-04:00,2026-09-10 16:59:58-04:00,1510857,324,7666.25,7585.5,7598.5,7610.5,7594.25
2026-09-11,42140870,ESU6,True,2026-09-10 18:00:00-04:00,2026-09-11 16:59:59-04:00,1477259,358,7683.5,7594.25,7669.0,7679.5,7661.25
2026-09-14,10252,ESZ6,True,2026-09-13 18:00:00-04:00,2026-09-14 16:59:58-04:00,849992,235,7719.75,7661.25,7693.25,7699.75,7664.5
2026-09-15,10252,ESZ6,True,2026-09-14 18:00:00-04:00,2026-09-15 16:59:58-04:00,1082661,231,7701.0,7643.5,7657.25,7663.75,7647.0
2026-09-16,10252,ESZ6,True,2026-09-15 18:00:00-04:00,2026-09-16 16:59:59-04:00,1424863,497,7699.0,7575.0,7680.0,7698.25,7625.5
2026-09-17,10252,ESZ6,True,2026-09-16 18:00:00-04:00,2026-09-17 16:59:59-04:00,1239922,420,7722.25,7617.5,7708.75,7711.75,7690.0
2026-09-18,10252,ESZ6,True,2026-09-17 18:00:00-04:00,2026-09-18 16:59:58-04:00,1275838,258,7739.25,7675.0,7712.5,7729.75,7692.0
2026-09-21,10252,ESZ6,True,2026-09-20 18:00:00-04:00,2026-09-21 16:59:59-04:00,1289899,535,7847.25,7713.75,7835.75,7847.0,7788.25
2026-09-22,10252,ESZ6,True,2026-09-21 18:00:00-04:00,2026-09-22 16:59:59-04:00,1259586,153,7848.5,7810.5,7832.0,7840.25,7829.0
2026-09-23,10252,ESZ6,True,2026-09-22 18:00:00-04:00,2026-09-23 16:59:59-04:00,1487166,339,7843.25,7758.75,7771.25,7791.5,7762.75
2026-09-24,10252,ESZ6,True,2026-09-23 18:00:00-04:00,2026-09-24 16:59:59-04:00,1686287,306,7783.5,7707.25,7770.0,7780.75,7742.75
2026-09-25,10252,ESZ6,True,2026-09-24 18:00:00-04:00,2026-09-25 16:59:59-04:00,1566409,266,7814.75,7748.5,7803.5,7811.5,7779.0
2026-09-28,10252,ESZ6,True,2026-09-27 18:00:00-04:00,2026-09-28 16:59:58-04:00,1690961,308,7803.0,7726.0,7746.25,7768.0,7735.0
2026-09-29,10252,ESZ6,True,2026-09-28 18:00:00-04:00,2026-09-29 16:59:58-04:00,1534529,235,7770.75,7712.25,7731.0,7745.5,7722.75
2026-09-30,10252,ESZ6,True,2026-09-29 18:00:00-04:00,2026-09-30 16:59:59-04:00,1887596,307,7782.0,7705.5,7754.5,7778.5,7748.0
2026-10-01,10252,ESZ6,True,2026-09-30 18:00:00-04:00,2026-10-01 16:59:59-04:00,2124930,381,7767.75,7672.75,7730.0,7745.0,7695.75
2026-10-02,10252,ESZ6,True,2026-10-01 18:00:00-04:00,2026-10-02 16:59:59-04:00,1762002,349,7810.25,7723.25,7775.0,7796.0,7764.5
2026-10-05,10252,ESZ6,False,2026-10-04 18:00:00-04:00,2026-10-04 19:59:59-04:00,10433,35,7789.25,7780.75,7788.0,7788.5,7784.75
