year,part,delay,n,open_pivot,open_resolved,open_invalidated,score,auc_good_vs_invalidated,auc_pivot_vs_rest
2024,night,0,3813,1417,1105,1291,A,0.5202220054370713,0.6342526617296677
2024,night,0,3813,1417,1105,1291,B,0.5493596454782579,0.43297763961208147
2024,night,0,3813,1417,1105,1291,C,0.5291060228895218,0.6161331582982189
2024,night,0,3813,1417,1105,1291,delta,0.5146025706062899,0.5405829702110779
2024,night,0,3813,1417,1105,1291,def_cancel,0.5189466533592604,0.5618188400189633
2024,night,0,3813,1417,1105,1291,att_cancel,0.5252962366848734,0.589780810245162
2024,night,0,3813,1417,1105,1291,def_refill,0.5089682895793094,0.4686543737293686
2024,night,0,3813,1417,1105,1291,att_refill,0.5146727424691382,0.5357176211912189
2024,night,0,3813,1417,1105,1291,balance,0.4906915072548272,0.546889176410925
2024,night,0,3813,1417,1105,1291,volume,0.4946853375992664,0.66073489923167
2024,night,0,3813,1417,1105,1291,large_delta_post,0.5032622096722876,0.5200567617425855
2024,night,0,3813,1417,1105,1291,large_delta,,
2024,night,0,3813,1417,1105,1291,att_eff,0.5365794376062363,0.4445422441293516
2024,night,0,3813,1417,1105,1291,def_eff,0.52990020211433,0.45204124202872636
2024,night,30,3813,1417,1105,1291,A,0.5263693095088444,0.6418482405942376
2024,night,30,3813,1417,1105,1291,B,0.5627623684512706,0.4308434090929992
2024,night,30,3813,1417,1105,1291,C,0.5443454251593787,0.6170088917733332
2024,night,30,3813,1417,1105,1291,delta,0.5127300119150796,0.5379318170071935
2024,night,30,3813,1417,1105,1291,def_cancel,0.5368145633652155,0.5575623335509584
2024,night,30,3813,1417,1105,1291,att_cancel,0.5489149858818587,0.5921914570168648
2024,night,30,3813,1417,1105,1291,def_refill,0.512439716564467,0.4593435128017618
2024,night,30,3813,1417,1105,1291,att_refill,0.5205827737122365,0.5223730086263896
2024,night,30,3813,1417,1105,1291,balance,0.4940691937784961,0.5460641941504732
2024,night,30,3813,1417,1105,1291,volume,0.49491827791246396,0.6647885539143699
2024,night,30,3813,1417,1105,1291,large_delta_post,0.5077232611694703,0.5240659112505889
2024,night,30,3813,1417,1105,1291,large_delta,,
2024,night,30,3813,1417,1105,1291,att_eff,0.5545367759863085,0.4486601622240954
2024,night,30,3813,1417,1105,1291,def_eff,0.5453685049032759,0.4465215778233344
2024,night,60,3228,1245,966,1017,A,0.5314787273760719,0.6347538124442226
2024,night,60,3228,1245,966,1017,B,0.5429361068059674,0.4163298252834367
2024,night,60,3228,1245,966,1017,C,0.540069342808049,0.6076576003341344
2024,night,60,3228,1245,966,1017,delta,0.5091229671545058,0.5282829397483999
2024,night,60,3228,1245,966,1017,def_cancel,0.5339453785318659,0.5409737037854451
2024,night,60,3228,1245,966,1017,att_cancel,0.5499149313241201,0.5840277266893907
2024,night,60,3228,1245,966,1017,def_refill,0.5270747771558645,0.45185798245829145
2024,night,60,3228,1245,966,1017,att_refill,0.48489857505402173,0.5093589837906766
2024,night,60,3228,1245,966,1017,balance,0.49167884483964475,0.5434656166231868
2024,night,60,3228,1245,966,1017,volume,0.5063594261606078,0.6754943900333972
2024,night,60,3228,1245,966,1017,large_delta_post,0.49115257346918717,0.5115081907202342
2024,night,60,3228,1245,966,1017,large_delta,,
2024,night,60,3228,1245,966,1017,att_eff,0.5429323782557305,0.4325747729632082
2024,night,60,3228,1245,966,1017,def_eff,0.5358134800093106,0.4291371280258696
2024,night,120,2612,1016,795,801,A,0.5382773483028337,0.6178399900758105
2024,night,120,2612,1016,795,801,B,0.5338035555531427,0.3891931085575574
2024,night,120,2612,1016,795,801,C,0.5410026083940063,0.5768561099569973
2024,night,120,2612,1016,795,801,delta,0.5275049732682807,0.5185392216365997
2024,night,120,2612,1016,795,801,def_cancel,0.5478971967629311,0.5369692962477398
2024,night,120,2612,1016,795,801,att_cancel,0.5431155078297242,0.5447584822380566
2024,night,120,2612,1016,795,801,def_refill,0.5151623718996362,0.43383355898797366
2024,night,120,2612,1016,795,801,att_refill,0.4962510088486918,0.5274053670052958
2024,night,120,2612,1016,795,801,balance,0.49166288752152404,0.5454935300707351
2024,night,120,2612,1016,795,801,volume,0.515581669583093,0.6716894232446432
2024,night,120,2612,1016,795,801,large_delta_post,0.48415742185242966,0.5217117684078036
2024,night,120,2612,1016,795,801,large_delta,,
2024,night,120,2612,1016,795,801,att_eff,0.529975267027571,0.40126673640299354
2024,night,120,2612,1016,795,801,def_eff,0.5319545975806609,0.40675853892428776
2024,rth,0,1840,805,393,642,A,0.5576659528203509,0.6576625558856183
2024,rth,0,1840,805,393,642,B,0.5635589329628565,0.47712361419336746
2024,rth,0,1840,805,393,642,C,0.5881462036205496,0.6129900681129414
2024,rth,0,1840,805,393,642,delta,0.5173176833429296,0.5799855295506902
2024,rth,0,1840,805,393,642,def_cancel,0.5256181626255518,0.577668563795807
2024,rth,0,1840,805,393,642,att_cancel,0.4744204891988143,0.4797510501964884
2024,rth,0,1840,805,393,642,def_refill,0.5255421917983494,0.49909257215866193
2024,rth,0,1840,805,393,642,att_refill,0.5319304053909966,0.5441106723193372
2024,rth,0,1840,805,393,642,balance,0.4779671499110159,0.5296642362048789
2024,rth,0,1840,805,393,642,volume,0.5403750818291572,0.6561766735679779
2024,rth,0,1840,805,393,642,large_delta_post,0.5057470708633499,0.501927815738128
2024,rth,0,1840,805,393,642,large_delta,0.4991723779882174,0.43918064737022305
2024,rth,0,1840,805,393,642,att_eff,0.561785935271941,0.47929049978927174
2024,rth,0,1840,805,393,642,def_eff,0.5488773202571973,0.46586996789929497
2024,rth,30,1840,805,393,642,A,0.5573024504337356,0.6433522369250158
2024,rth,30,1840,805,393,642,B,0.5820601482780612,0.4590928850891175
2024,rth,30,1840,805,393,642,C,0.6037906226253096,0.5954127284183995
2024,rth,30,1840,805,393,642,delta,0.5045980246558718,0.5570156989590435
2024,rth,30,1840,805,393,642,def_cancel,0.5266210357382389,0.5687995880655033
2024,rth,30,1840,805,393,642,att_cancel,0.5122371131551212,0.49262555057559626
2024,rth,30,1840,805,393,642,def_refill,0.5251658762096388,0.48040772812323224
2024,rth,30,1840,805,393,642,att_refill,0.5313481417606166,0.5330297008639988
2024,rth,30,1840,805,393,642,balance,0.48099096342935715,0.5260647523029376
2024,rth,30,1840,805,393,642,volume,0.5491455226703773,0.6604302817535331
2024,rth,30,1840,805,393,642,large_delta_post,0.4882432136887958,0.4841610135317928
2024,rth,30,1840,805,393,642,large_delta,0.49105169998076903,0.4356383540860481
2024,rth,30,1840,805,393,642,att_eff,0.5786583345168773,0.47680130476024546
2024,rth,30,1840,805,393,642,def_eff,0.5794604144640588,0.4520435795705019
2024,rth,60,1600,734,369,497,A,0.5589380733871918,0.6154372079687702
2024,rth,60,1600,734,369,497,B,0.5701824054765231,0.4072353073375474
2024,rth,60,1600,734,369,497,C,0.6006584385353496,0.551986678807394
2024,rth,60,1600,734,369,497,delta,0.5065929627946892,0.5510741952252355
2024,rth,60,1600,734,369,497,def_cancel,0.522206618662775,0.5404273325472595
2024,rth,60,1600,734,369,497,att_cancel,0.5026044176430364,0.456908574543887
2024,rth,60,1600,734,369,497,def_refill,0.5399469478978793,0.4613476728411497
2024,rth,60,1600,734,369,497,att_refill,0.5083662614330493,0.5279262231688918
2024,rth,60,1600,734,369,497,balance,0.48470156230168715,0.5276017757389198
2024,rth,60,1600,734,369,497,volume,0.5381317977955911,0.6418858246505077
2024,rth,60,1600,734,369,497,large_delta_post,0.47856468785970613,0.46121156459695917
2024,rth,60,1600,734,369,497,large_delta,0.49245593717417074,0.43783380547686496
2024,rth,60,1600,734,369,497,att_eff,0.5623311717814217,0.433648079824528
2024,rth,60,1600,734,369,497,def_eff,0.5647377690207199,0.415705616978015
2024,rth,120,1346,624,321,401,A,0.5613954669462115,0.6002032883567152
2024,rth,120,1346,624,321,401,B,0.5592563094880599,0.3972327860051004
2024,rth,120,1346,624,321,401,C,0.5957137183151782,0.5239321776427487
2024,rth,120,1346,624,321,401,delta,0.5058104215763288,0.5395552863040747
2024,rth,120,1346,624,321,401,def_cancel,0.5270489656978267,0.5331358822473523
2024,rth,120,1346,624,321,401,att_cancel,0.5016915422885572,0.45726978998384493
2024,rth,120,1346,624,321,401,def_refill,0.5120489656978267,0.45332076826422546
2024,rth,120,1346,624,321,401,att_refill,0.5138773239067819,0.5330528630407467
2024,rth,120,1346,624,321,401,balance,0.500220076440752,0.5267491734429453
2024,rth,120,1346,624,321,401,volume,0.525414922224465,0.6204606380126888
2024,rth,120,1346,624,321,401,large_delta_post,0.5043922020412939,0.47321221783554074
2024,rth,120,1346,624,321,401,large_delta,0.48590439818700687,0.45290997668176747
2024,rth,120,1346,624,321,401,att_eff,0.5356889190635975,0.4155585879826406
2024,rth,120,1346,624,321,401,def_eff,0.5340176836435157,0.4052141167165849
2025,night,0,3769,1438,993,1338,A,0.5301066546658602,0.7130012761629834
2025,night,0,3769,1438,993,1338,B,0.5572356289617182,0.38957875872398035
2025,night,0,3769,1438,993,1338,C,0.5643899508786127,0.6566464682174505
2025,night,0,3769,1438,993,1338,delta,0.4975804411005911,0.5693487071350591
2025,night,0,3769,1438,993,1338,def_cancel,0.5188072591391648,0.5881517041290921
2025,night,0,3769,1438,993,1338,att_cancel,0.5470527998054998,0.6028881211958066
2025,night,0,3769,1438,993,1338,def_refill,0.4796547092637995,0.4937209684896885
2025,night,0,3769,1438,993,1338,att_refill,0.4820235289765021,0.6111732244604962
2025,night,0,3769,1438,993,1338,balance,0.5080362073500199,0.5177784970418936
2025,night,0,3769,1438,993,1338,volume,0.5225407598728431,0.695838167962636
2025,night,0,3769,1438,993,1338,large_delta_post,0.4692403843257733,0.4646815011668848
2025,night,0,3769,1438,993,1338,large_delta,,
2025,night,0,3769,1438,993,1338,att_eff,0.5628722018147927,0.42471056420497194
2025,night,0,3769,1438,993,1338,def_eff,0.5431151220008392,0.4129077973403102
2025,night,30,3769,1438,993,1338,A,0.5434460937651253,0.7128719877746333
2025,night,30,3769,1438,993,1338,B,0.5754654757525627,0.39180413137611214
2025,night,30,3769,1438,993,1338,C,0.5894448612854534,0.6546313011667008
2025,night,30,3769,1438,993,1338,delta,0.5004010012158753,0.5568732607268383
2025,night,30,3769,1438,993,1338,def_cancel,0.5339652980478666,0.5840956138326255
2025,night,30,3769,1438,993,1338,att_cancel,0.5695090556965936,0.6060554510480186
2025,night,30,3769,1438,993,1338,def_refill,0.4811791482008082,0.4884342445619872
2025,night,30,3769,1438,993,1338,att_refill,0.4915629344179839,0.6124725991602458
2025,night,30,3769,1438,993,1338,balance,0.5089525332014193,0.5178665803549728
2025,night,30,3769,1438,993,1338,volume,0.5277711596859297,0.6943228363901727
2025,night,30,3769,1438,993,1338,large_delta_post,0.47649795504513237,0.47566354927870963
2025,night,30,3769,1438,993,1338,large_delta,,
2025,night,30,3769,1438,993,1338,att_eff,0.5778898046220754,0.42500228419439
2025,night,30,3769,1438,993,1338,def_eff,0.5604788137464398,0.4025898946471361
2025,night,60,3127,1262,860,1005,A,0.5364272710214765,0.70955754440676
2025,night,60,3127,1262,860,1005,B,0.5514342346408115,0.36185480365411005
2025,night,60,3127,1262,860,1005,C,0.5649448491054054,0.6328098350308323
2025,night,60,3127,1262,860,1005,delta,0.506357739969881,0.5559655753504946
2025,night,60,3127,1262,860,1005,def_cancel,0.5255915032521153,0.5714927357592554
2025,night,60,3127,1262,860,1005,att_cancel,0.5556162479598455,0.5785745091884416
2025,night,60,3127,1262,860,1005,def_refill,0.4825360555342576,0.4943239479632139
2025,night,60,3127,1262,860,1005,att_refill,0.4942860510859526,0.6244091078836939
2025,night,60,3127,1262,860,1005,balance,0.516761213368208,0.5210620023087007
2025,night,60,3127,1262,860,1005,volume,0.5203821336659048,0.6955947541284825
2025,night,60,3127,1262,860,1005,large_delta_post,0.48542168318004186,0.48031497107679244
2025,night,60,3127,1262,860,1005,large_delta,,
2025,night,60,3127,1262,860,1005,att_eff,0.5488250004448305,0.39203889573672984
2025,night,60,3127,1262,860,1005,def_eff,0.5385363053835488,0.38129177520733787
2025,night,120,2528,1040,711,777,A,0.5384930073710387,0.700349533032989
2025,night,120,2528,1040,711,777,B,0.5490732143197847,0.3385551548792922
2025,night,120,2528,1040,711,777,C,0.5595012624255106,0.6150159130369632
2025,night,120,2528,1040,711,777,delta,0.5153688381233424,0.5407865633377962
2025,night,120,2528,1040,711,777,def_cancel,0.538519877636943,0.5523384183385942
2025,night,120,2528,1040,711,777,att_cancel,0.567269790189332,0.5587524960828194
2025,night,120,2528,1040,711,777,def_refill,0.5129843802667311,0.4874308181939599
2025,night,120,2528,1040,711,777,att_refill,0.4931469692248008,0.6269808229173792
2025,night,120,2528,1040,711,777,balance,0.513276773278554,0.5217215397695623
2025,night,120,2528,1040,711,777,volume,0.5191871188079141,0.6915092465005978
2025,night,120,2528,1040,711,777,large_delta_post,0.4636136744458463,0.4917048445846777
2025,night,120,2528,1040,711,777,large_delta,,
2025,night,120,2528,1040,711,777,att_eff,0.5551476433663832,0.36708200181770206
2025,night,120,2528,1040,711,777,def_eff,0.5394747169210563,0.35950439085450525
2025,rth,0,1833,829,391,613,A,0.5533869625787476,0.6760016628299829
2025,rth,0,1833,829,391,613,B,0.5367029998363789,0.4154158739674766
2025,rth,0,1833,829,391,613,C,0.5541669951225591,0.617126187649883
2025,rth,0,1833,829,391,613,delta,0.5568085608744733,0.5839037694808183
2025,rth,0,1833,829,391,613,def_cancel,0.5294480893250327,0.5465359629107504
2025,rth,0,1833,829,391,613,att_cancel,0.49768919538174383,0.525254213476342
2025,rth,0,1833,829,391,613,def_refill,0.5301110136245264,0.47447570741348993
2025,rth,0,1833,829,391,613,att_refill,0.5158008600552134,0.576905934958168
2025,rth,0,1833,829,391,613,balance,0.5087653833536374,0.5371073005925634
2025,rth,0,1833,829,391,613,volume,0.5260393520566388,0.6644099116201059
2025,rth,0,1833,829,391,613,large_delta_post,0.4976143051468547,0.47254752676264306
2025,rth,0,1833,829,391,613,large_delta,0.5117387197154923,0.4301938724207632
2025,rth,0,1833,829,391,613,att_eff,0.5580269204656841,0.4721776910949979
2025,rth,0,1833,829,391,613,def_eff,0.5379976831149667,0.46925867722096115
2025,rth,30,1833,829,391,613,A,0.5659376995505243,0.6725048016385102
2025,rth,30,1833,829,391,613,B,0.5490869072638391,0.4212420131322798
2025,rth,30,1833,829,391,613,C,0.5730566968293964,0.6177715346120866
2025,rth,30,1833,829,391,613,delta,0.5516825982720658,0.5793427025351103
2025,rth,30,1833,829,391,613,def_cancel,0.5411030529445295,0.5420293962339103
2025,rth,30,1833,829,391,613,att_cancel,0.5201867085424328,0.530688495841024
2025,rth,30,1833,829,391,613,def_refill,0.5340155609080037,0.46016030345749703
2025,rth,30,1833,829,391,613,att_refill,0.5,0.5714171523246181
2025,rth,30,1833,829,391,613,balance,0.5248156377272721,0.5292902955788846
2025,rth,30,1833,829,391,613,volume,0.5283980652822429,0.6628233514174003
2025,rth,30,1833,829,391,613,large_delta_post,0.5121175646191717,0.4788754081206911
2025,rth,30,1833,829,391,613,large_delta,0.5067136450074095,0.43441002145561847
2025,rth,30,1833,829,391,613,att_eff,0.54246645751541,0.4614567465968472
2025,rth,30,1833,829,391,613,def_eff,0.5375020597453858,0.45160664601657263
2025,rth,60,1575,762,353,460,A,0.5543870442450565,0.6606851945230984
2025,rth,60,1575,762,353,460,B,0.534485715195196,0.40680300650151074
2025,rth,60,1575,762,353,460,C,0.5572469020744882,0.6010660305392861
2025,rth,60,1575,762,353,460,delta,0.5146642200629039,0.5666136528472975
2025,rth,60,1575,762,353,460,def_cancel,0.5394504588408889,0.5375975307919224
2025,rth,60,1575,762,353,460,att_cancel,0.5090530842507242,0.5080577753059677
2025,rth,60,1575,762,353,460,def_refill,0.5234996154505698,0.45529438931657706
2025,rth,60,1575,762,353,460,att_refill,0.5003860896816505,0.5798475934002674
2025,rth,60,1575,762,353,460,balance,0.5174159961178216,0.5269836960035168
2025,rth,60,1575,762,353,460,volume,0.5260965833988146,0.6612104521417581
2025,rth,60,1575,762,353,460,large_delta_post,0.5226610060526004,0.4754916708451724
2025,rth,60,1575,762,353,460,large_delta,0.5153252187037864,0.4475127059910673
2025,rth,60,1575,762,353,460,att_eff,0.5165007131363933,0.44072534613470715
2025,rth,60,1575,762,353,460,def_eff,0.527310401178921,0.4381345942179064
2025,rth,120,1326,665,308,353,A,0.544281588601137,0.6466080747047515
2025,rth,120,1326,665,308,353,B,0.5501793411330049,0.38940291967436175
2025,rth,120,1326,665,308,353,C,0.5548017589038433,0.5767440263663829
2025,rth,120,1326,665,308,353,delta,0.5188839285714286,0.5516570189801896
2025,rth,120,1326,665,308,353,def_cancel,0.5389593596059113,0.5219459883305274
2025,rth,120,1326,665,308,353,att_cancel,0.5297459975369458,0.5102949655220129
2025,rth,120,1326,665,308,353,def_refill,0.5366009852216749,0.4669657065104587
2025,rth,120,1326,665,308,353,att_refill,0.48282404556650244,0.5787112843338484
2025,rth,120,1326,665,308,353,balance,0.526736583499344,0.5358051817266318
2025,rth,120,1326,665,308,353,volume,0.5070058549147272,0.6546232719948732
2025,rth,120,1326,665,308,353,large_delta_post,0.5207954554261313,0.46900145178290875
2025,rth,120,1326,665,308,353,large_delta,0.5149950332819611,0.44445276564493064
2025,rth,120,1326,665,308,353,att_eff,0.5163762315270936,0.4052235880168815
2025,rth,120,1326,665,308,353,def_eff,0.5292970679774726,0.4147033823923427
